unique_id,team_name,position,value,pred_Naive,pred_LGBMRegressor_no_exog,pred_LGBMRegressor_with_exog,pred_LSTMWithReLU,pred_season,picked_Naive,captain_Naive,first_xi_Naive,season,picked_time,picked_LGBMRegressor_no_exog,captain_LGBMRegressor_no_exog,first_xi_LGBMRegressor_no_exog,picked_LGBMRegressor_with_exog,captain_LGBMRegressor_with_exog,first_xi_LGBMRegressor_with_exog,picked_LSTMWithReLU,captain_LSTMWithReLU,first_xi_LSTMWithReLU
Cole Palmer,Chelsea,MID,105.0,17.0,4.2393821665350835,7.045301711560169,6.0,25.0,1.0,0,1.0,25,2024-08-29 14:30:28.947300,0.0,0,,1.0,1,1.0,1.0,0,1.0
Cristian Romero,Tottenham,DEF,50.0,14.0,4.124902153292378,3.853338488724221,1.0,25.0,1.0,0,1.0,25,2024-08-29 14:30:28.947300,1.0,0,0.0,1.0,0,0.0,0.0,0,
David Raya Martin,Arsenal,GK,55.0,10.0,4.417974915653504,3.5543217484161542,3.0,25.0,1.0,0,1.0,25,2024-08-29 14:30:28.947300,1.0,0,1.0,0.0,0,,0.0,0,
Erling Haaland,Manchester City,FWD,150.0,17.0,4.43125149720802,4.417842066479785,5.0,25.0,1.0,0,1.0,25,2024-08-29 14:30:28.947300,0.0,0,,0.0,0,,0.0,0,
Heung-Min Son,Tottenham,MID,100.0,16.0,5.305254992044608,4.880783301223413,3.0,25.0,1.0,0,1.0,25,2024-08-29 14:30:28.947300,1.0,0,1.0,0.0,0,,0.0,0,
Luis Díaz,Liverpool,MID,75.0,14.0,4.30318383452221,4.661354163124401,3.0,25.0,1.0,0,1.0,25,2024-08-29 14:30:28.947300,0.0,0,,0.0,0,,0.0,0,
Max Kilman,West Ham,DEF,45.0,12.0,2.8628158883835098,2.888796600808027,1.0,25.0,1.0,0,1.0,25,2024-08-29 14:30:28.947300,0.0,0,,0.0,0,,0.0,0,
Micky van de Ven,Tottenham,DEF,45.0,9.0,3.5607346746613793,3.2558434688978997,1.0,25.0,1.0,0,1.0,25,2024-08-29 14:30:28.947300,0.0,0,,1.0,0,0.0,0.0,0,
Nicolas Jackson,Chelsea,FWD,75.0,10.0,3.81203068030991,4.22518110143732,2.0,25.0,1.0,0,1.0,25,2024-08-29 14:30:28.947300,0.0,0,,1.0,0,0.0,0.0,0,
Noni Madueke,Chelsea,MID,64.0,20.0,3.9355241272016577,4.136537201779388,1.0,25.0,1.0,1,1.0,25,2024-08-29 14:30:28.947300,0.0,0,,0.0,0,,0.0,0,
Thomas Partey,Arsenal,MID,50.0,11.0,2.428113166596152,2.6111861025930336,0.0,25.0,1.0,0,1.0,25,2024-08-29 14:30:28.947300,0.0,0,,0.0,0,,0.0,0,
Danny Welbeck,Brighton,FWD,55.0,9.0,4.782075995821564,4.601232728521133,2.0,25.0,1.0,0,0.0,25,2024-08-29 14:30:28.947300,1.0,0,0.0,1.0,0,1.0,1.0,0,0.0
Matz Sels,Nottingham,GK,45.0,6.0,3.0901642664324016,3.0951188374406082,2.0,25.0,1.0,0,0.0,25,2024-08-29 14:30:28.947300,0.0,0,,0.0,0,,0.0,0,
Ola Aina,Nottingham,DEF,45.0,9.0,3.1055681624812417,2.5106268039057427,1.0,25.0,1.0,0,0.0,25,2024-08-29 14:30:28.947300,0.0,0,,0.0,0,,0.0,0,
Wout Faes,Leicester,DEF,40.0,7.0,2.7136724806109296,3.168822581462986,1.0,25.0,1.0,0,0.0,25,2024-08-29 14:30:28.947300,0.0,0,,0.0,0,,0.0,0,
Aaron Cresswell,West Ham,DEF,40.0,1.0,0.8602011913674353,1.263689961665091,0.0,25.0,0.0,0,,25,2024-08-29 14:30:28.947300,0.0,0,,0.0,0,,0.0,0,
Aaron Hickey,Brentford,DEF,45.0,0.0,0.6133263108862607,0.4966289894976084,0.0,25.0,0.0,0,,25,2024-08-29 14:30:28.947300,0.0,0,,0.0,0,,0.0,0,
Aaron Ramsdale,Arsenal,GK,45.0,0.0,0.5041450368387166,0.6612465691476404,0.0,25.0,0.0,0,,25,2024-08-29 14:30:28.947300,0.0,0,,0.0,0,,0.0,0,
Aaron Wan-Bissaka,West Ham,DEF,45.0,1.0,1.005397399333941,1.1008972686594583,0.0,25.0,0.0,0,,25,2024-08-29 14:30:28.947300,0.0,0,,0.0,0,,0.0,0,
Abdoulaye Doucouré,Everton,MID,55.0,1.0,2.412634404146473,2.5460748820285537,2.0,25.0,0.0,0,,25,2024-08-29 14:30:28.947300,0.0,0,,0.0,0,,0.0,0,
Abdul Fatawu,Leicester,MID,55.0,2.0,4.2102102915736515,3.2838831483450392,2.0,25.0,0.0,0,,25,2024-08-29 14:30:28.947300,0.0,0,,0.0,0,,0.0,0,
Adam Armstrong,Southampton,FWD,55.0,1.0,2.3303344430148796,1.3734156355514602,1.0,25.0,0.0,0,,25,2024-08-29 14:30:28.947300,0.0,0,,0.0,0,,0.0,0,
Adam Lallana,Southampton,MID,50.0,0.0,0.33358705975262,0.9502907429164884,0.0,25.0,0.0,0,,25,2024-08-29 14:30:28.947300,0.0,0,,0.0,0,,0.0,0,
Adam Smith,Bournemouth,DEF,45.0,1.0,2.345773107185633,2.137038560989798,1.0,25.0,0.0,0,,25,2024-08-29 14:30:28.947300,0.0,0,,0.0,0,,0.0,0,
Adam Webster,Brighton,DEF,45.0,0.0,1.152828899857798,1.1640556962963549,0.0,25.0,0.0,0,,25,2024-08-29 14:30:28.947300,0.0,0,,0.0,0,,0.0,0,
Adam Wharton,Crystal Palace,MID,50.0,2.0,3.0033493588906004,3.126299498296597,2.0,25.0,0.0,0,,25,2024-08-29 14:30:28.947300,0.0,0,,0.0,0,,0.0,0,
Adama Traoré,Fulham,MID,50.0,5.0,2.564695366847216,2.6259189776161294,0.0,25.0,0.0,0,,25,2024-08-29 14:30:28.947300,0.0,0,,0.0,0,,0.0,0,
Adrian Mazilu,Brighton,MID,45.0,0.0,0.33358705975262,0.3260765941488744,0.0,25.0,0.0,0,,25,2024-08-29 14:30:28.947300,0.0,0,,0.0,0,,0.0,0,
Alejandro Garnacho,Manchester Utd,MID,65.0,1.0,3.3841417179720157,3.302043442990225,2.0,25.0,0.0,0,,25,2024-08-29 14:30:28.947300,0.0,0,,0.0,0,,0.0,0,
Alejo Véliz,Tottenham,FWD,50.0,0.0,0.4807310613962116,0.5566588420757533,0.0,25.0,0.0,0,,25,2024-08-29 14:30:28.947300,0.0,0,,0.0,0,,0.0,0,
Alex Iwobi,Fulham,MID,55.0,8.0,3.1088981584669475,2.930476020448001,2.0,25.0,0.0,0,,25,2024-08-29 14:30:28.947300,0.0,0,,0.0,0,,0.0,0,
Alex McCarthy,Southampton,GK,45.0,4.0,2.840854527947529,3.5791575050612847,2.0,25.0,0.0,0,,25,2024-08-29 14:30:28.947300,0.0,0,,0.0,0,,1.0,0,1.0
Alex Mighten,Nottingham,MID,45.0,0.0,0.3192268438666069,0.3770177193490606,0.0,25.0,0.0,0,,25,2024-08-29 14:30:28.947300,0.0,0,,0.0,0,,0.0,0,
Alex Murphy,Newcastle,DEF,40.0,0.0,0.3670761401035764,0.44228923055584196,0.0,25.0,0.0,0,,25,2024-08-29 14:30:28.947300,0.0,0,,0.0,0,,0.0,0,
Alex Paulsen,Bournemouth,GK,40.0,0.0,0.33358705975262,0.39628346549848,0.0,25.0,0.0,0,,25,2024-08-29 14:30:28.947300,0.0,0,,0.0,0,,0.0,0,
Alex Scott,Bournemouth,MID,50.0,1.0,2.212023956402065,1.9327741359004713,1.0,25.0,0.0,0,,25,2024-08-29 14:30:28.947300,0.0,0,,0.0,0,,0.0,0,
Alexander Isak,Newcastle,FWD,85.0,2.0,5.138315330079761,5.192986073511285,2.0,25.0,0.0,0,,25,2024-08-29 14:30:28.947300,0.0,0,,1.0,0,1.0,0.0,0,
Alexis Mac Allister,Liverpool,MID,65.0,3.0,3.4257342375630553,3.6606708418799,2.0,25.0,0.0,0,,25,2024-08-29 14:30:28.947300,0.0,0,,0.0,0,,0.0,0,
Alfie Devine,Tottenham,MID,45.0,0.0,0.33358705975262,0.3646163375218501,0.0,25.0,0.0,0,,25,2024-08-29 14:30:28.947300,0.0,0,,0.0,0,,0.0,0,
Alfie Gilchrist,Chelsea,DEF,40.0,0.0,0.4278003036887816,0.4395311127456514,0.0,25.0,0.0,0,,25,2024-08-29 14:30:28.947300,0.0,0,,0.0,0,,0.0,0,
Alfie Whiteman,Tottenham,GK,40.0,0.0,0.3192268438666069,0.38309106574119556,0.0,25.0,0.0,0,,25,2024-08-29 14:30:28.947300,0.0,0,,0.0,0,,0.0,0,
Ali Al-Hamadi,Ipswich,FWD,50.0,0.0,1.0621625833065385,1.247942384243486,0.0,25.0,0.0,0,,25,2024-08-29 14:30:28.947300,0.0,0,,0.0,0,,0.0,0,
Alisson Ramses Becker,Liverpool,GK,55.0,6.0,3.259600719610742,2.718219866764142,2.0,25.0,0.0,0,,25,2024-08-29 14:30:28.947300,0.0,0,,0.0,0,,0.0,0,
Alphonse Areola,West Ham,GK,45.0,6.0,2.819779479434947,2.6072138641105402,2.0,25.0,0.0,0,,25,2024-08-29 14:30:28.947300,0.0,0,,0.0,0,,0.0,0,
Altay Bayindir,Manchester Utd,GK,45.0,0.0,0.3192268438666069,0.38006871610966886,0.0,25.0,0.0,0,,25,2024-08-29 14:30:28.947300,0.0,0,,0.0,0,,0.0,0,
Amad Diallo,Manchester Utd,MID,50.0,6.0,2.9288344661100663,2.677126479988875,0.0,25.0,0.0,0,,25,2024-08-29 14:30:28.947300,0.0,0,,0.0,0,,0.0,0,
Amadou Onana,Aston Villa,MID,50.0,1.0,4.814250646702599,4.300527106728954,1.0,25.0,0.0,0,,25,2024-08-29 14:30:28.947300,1.0,0,1.0,0.0,0,,0.0,0,
Amario Cozier-Duberry,Brighton,MID,45.0,0.0,0.33358705975262,0.3260765941488744,0.0,25.0,0.0,0,,25,2024-08-29 14:30:28.947300,0.0,0,,0.0,0,,0.0,0,
Andreas Hoelgebaum Pereira,Fulham,MID,55.0,2.0,3.455091708003037,3.424850380180143,2.0,25.0,0.0,0,,25,2024-08-29 14:30:28.947300,0.0,0,,0.0,0,,0.0,0,
Andrew Moran,Brighton,MID,50.0,0.0,0.33358705975262,0.3260765941488744,0.0,25.0,0.0,0,,25,2024-08-29 14:30:28.947300,0.0,0,,0.0,0,,0.0,0,
Andrew Omobamidele,Nottingham,DEF,45.0,0.0,0.6855604253289003,0.4765021562084436,0.0,25.0,0.0,0,,25,2024-08-29 14:30:28.947300,0.0,0,,0.0,0,,0.0,0,
Andrew Robertson,Liverpool,DEF,60.0,6.0,3.5234276770218305,2.815669739396353,1.0,25.0,0.0,0,,25,2024-08-29 14:30:28.947300,0.0,0,,0.0,0,,0.0,0,
Andrey Nascimento dos Santos,Chelsea,MID,45.0,0.0,0.3192268438666069,0.3627325626493642,0.0,25.0,0.0,0,,25,2024-08-29 14:30:28.947300,0.0,0,,0.0,0,,0.0,0,
André Onana,Manchester Utd,GK,50.0,1.0,3.2054350395045166,2.891783555996783,2.0,25.0,0.0,0,,25,2024-08-29 14:30:28.947300,0.0,0,,0.0,0,,0.0,0,
Andy Irving,West Ham,MID,50.0,0.0,0.33358705975262,0.382528682712642,0.0,25.0,0.0,0,,25,2024-08-29 14:30:28.947300,0.0,0,,0.0,0,,0.0,0,
Anthony Elanga,Nottingham,MID,55.0,3.0,3.137757753669069,2.7139660991958343,2.0,25.0,0.0,0,,25,2024-08-29 14:30:28.947300,0.0,0,,0.0,0,,0.0,0,
Anthony Gordon,Newcastle,MID,75.0,10.0,4.146373409722408,4.731402465901002,4.0,25.0,0.0,0,,25,2024-08-29 14:30:28.947300,0.0,0,,0.0,0,,1.0,0,1.0
Antoine Semenyo,Bournemouth,MID,55.0,5.0,3.4063052867893804,3.2602699969144138,2.0,25.0,0.0,0,,25,2024-08-29 14:30:28.947300,0.0,0,,0.0,0,,0.0,0,
Antonee Robinson,Fulham,DEF,45.0,7.0,3.65816827773133,2.791474168182622,2.0,25.0,0.0,0,,25,2024-08-29 14:30:28.947300,0.0,0,,0.0,0,,1.0,0,0.0
Antony Matheus dos Santos,Manchester Utd,MID,59.0,1.0,1.588739794242026,1.6093900008730064,1.0,25.0,0.0,0,,25,2024-08-29 14:30:28.947300,0.0,0,,0.0,0,,0.0,0,
Archie Gray,Tottenham,MID,50.0,1.0,1.8488002665997638,1.6494650008391103,1.0,25.0,0.0,0,,25,2024-08-29 14:30:28.947300,0.0,0,,0.0,0,,0.0,0,
Arijanet Muric,Ipswich,GK,45.0,0.0,0.33358705975262,0.8804510510332925,0.0,25.0,0.0,0,,25,2024-08-29 14:30:28.947300,0.0,0,,0.0,0,,0.0,0,
Armando Broja,Chelsea,FWD,55.0,0.0,1.294288065836637,1.3387445966675362,1.0,25.0,0.0,0,,25,2024-08-29 14:30:28.947300,0.0,0,,0.0,0,,0.0,0,
Armel Bella-Kotchap,Southampton,DEF,40.0,0.0,0.33358705975262,0.9065277892854537,0.0,25.0,0.0,0,,25,2024-08-29 14:30:28.947300,0.0,0,,0.0,0,,0.0,0,
Ashley Phillips,Tottenham,DEF,40.0,0.0,0.3192268438666069,0.3789975196297826,0.0,25.0,0.0,0,,25,2024-08-29 14:30:28.947300,0.0,0,,0.0,0,,0.0,0,
Ashley Young,Everton,DEF,45.0,0.0,1.7556217461158423,1.4569553548061436,1.0,25.0,0.0,0,,25,2024-08-29 14:30:28.947300,0.0,0,,0.0,0,,0.0,0,
Asmir Begovic,Everton,GK,40.0,0.0,0.16649832554656965,1.248595001521847,0.0,25.0,0.0,0,,25,2024-08-29 14:30:28.947300,0.0,0,,0.0,0,,0.0,0,
Axel Disasi,Chelsea,DEF,45.0,0.0,0.924324796693365,0.9468260094687214,1.0,25.0,0.0,0,,25,2024-08-29 14:30:28.947300,0.0,0,,0.0,0,,0.0,0,
Axel Tuanzebe,Ipswich,DEF,40.0,0.0,1.0621625833065385,2.3684757909109817,0.0,25.0,0.0,0,,25,2024-08-29 14:30:28.947300,0.0,0,,0.0,0,,0.0,0,
Bart Verbruggen,Brighton,GK,45.0,0.0,1.415647514447237,1.5366009036097519,1.0,25.0,0.0,0,,25,2024-08-29 14:30:28.947300,0.0,0,,0.0,0,,0.0,0,
Ben Brereton Díaz,Southampton,MID,55.0,2.0,1.648785139200938,2.7619501382893357,1.0,25.0,0.0,0,,25,2024-08-29 14:30:28.947300,0.0,0,,0.0,0,,0.0,0,
Ben Chilwell,Chelsea,DEF,50.0,0.0,0.48516891136488416,0.4162056841540676,0.0,25.0,0.0,0,,25,2024-08-29 14:30:28.947300,0.0,0,,0.0,0,,0.0,0,
Ben Davies,Tottenham,DEF,45.0,0.0,0.590598092070872,0.5375150412784067,0.0,25.0,0.0,0,,25,2024-08-29 14:30:28.947300,0.0,0,,0.0,0,,0.0,0,
Ben Doak,Liverpool,MID,45.0,0.0,0.3192268438666069,0.4232246198970977,0.0,25.0,0.0,0,,25,2024-08-29 14:30:28.947300,0.0,0,,0.0,0,,0.0,0,
Ben Johnson,Ipswich,DEF,40.0,3.0,2.2790162274046057,2.6957464690571147,0.0,25.0,0.0,0,,25,2024-08-29 14:30:28.947300,0.0,0,,0.0,0,,0.0,0,
Ben Mee,Brentford,DEF,45.0,0.0,1.0892230087337138,0.9507945934473251,0.0,25.0,0.0,0,,25,2024-08-29 14:30:28.947300,0.0,0,,0.0,0,,0.0,0,
Ben Nelson,Leicester,DEF,40.0,0.0,0.33358705975262,0.9065277892854537,0.0,25.0,0.0,0,,25,2024-08-29 14:30:28.947300,0.0,0,,0.0,0,,0.0,0,
Benicio Baker-Boaitey,Brighton,MID,45.0,0.0,0.4029681669552724,0.3451594423266087,0.0,25.0,0.0,0,,25,2024-08-29 14:30:28.947300,0.0,0,,0.0,0,,0.0,0,
Benjamin White,Arsenal,DEF,65.0,6.0,3.8724988311892923,3.565881320784109,5.0,25.0,0.0,0,,25,2024-08-29 14:30:28.947300,0.0,0,,0.0,0,,1.0,0,1.0
Benoît Badiashile,Chelsea,DEF,45.0,0.0,1.2105003513887673,1.1740222344142137,0.0,25.0,0.0,0,,25,2024-08-29 14:30:28.947300,0.0,0,,0.0,0,,0.0,0,
Bernardo Veiga de Carvalho e Silva,Manchester City,MID,66.0,2.0,4.729709077721862,5.22143789964405,2.0,25.0,0.0,0,,25,2024-08-29 14:30:28.947300,0.0,0,,0.0,0,,0.0,0,
Bernd Leno,Fulham,GK,50.0,3.0,3.501273612610372,3.021122902851501,2.0,25.0,0.0,0,,25,2024-08-29 14:30:28.947300,0.0,0,,0.0,0,,0.0,0,
Billy Gilmour,Brighton,MID,50.0,2.0,1.9241883566897342,1.879706407656214,1.0,25.0,0.0,0,,25,2024-08-29 14:30:28.947300,0.0,0,,0.0,0,,0.0,0,
Bobby Clark,Liverpool,MID,45.0,0.0,0.35816071310153114,0.45951651556725936,0.0,25.0,0.0,0,,25,2024-08-29 14:30:28.947300,0.0,0,,0.0,0,,0.0,0,
Bobby De Cordova-Reid,Leicester,MID,55.0,2.0,2.941708082252508,3.106821065120178,2.0,25.0,0.0,0,,25,2024-08-29 14:30:28.947300,0.0,0,,0.0,0,,0.0,0,
Boubacar Kamara,Aston Villa,MID,50.0,0.0,0.5470893733441575,0.4751759942291845,0.0,25.0,0.0,0,,25,2024-08-29 14:30:28.947300,0.0,0,,0.0,0,,0.0,0,
Boubacar Traoré,Wolves,MID,50.0,0.0,0.7543412343701158,0.7153747801957593,1.0,25.0,0.0,0,,25,2024-08-29 14:30:28.947300,0.0,0,,0.0,0,,0.0,0,
Boubakary Soumaré,Leicester,MID,45.0,0.0,1.0621625833065385,2.3161897106859395,0.0,25.0,0.0,0,,25,2024-08-29 14:30:28.947300,0.0,0,,0.0,0,,0.0,0,
Brajan Gruda,Brighton,MID,55.0,0.0,0.33358705975262,0.3260765941488744,0.0,25.0,0.0,0,,25,2024-08-29 14:30:28.947300,0.0,0,,0.0,0,,0.0,0,
Brandon Austin,Tottenham,GK,40.0,0.0,0.3192268438666069,0.38309106574119556,0.0,25.0,0.0,0,,25,2024-08-29 14:30:28.947300,0.0,0,,0.0,0,,0.0,0,
Brennan Johnson,Tottenham,MID,65.0,3.0,3.3346521777923557,4.199744608272795,2.0,25.0,0.0,0,,25,2024-08-29 14:30:28.947300,0.0,0,,0.0,0,,0.0,0,
Bruno Borges Fernandes,Manchester Utd,MID,85.0,2.0,3.402495636439046,3.6298066617450884,2.0,25.0,0.0,0,,25,2024-08-29 14:30:28.947300,0.0,0,,0.0,0,,0.0,0,
Bruno Guimarães Rodriguez Moura,Newcastle,MID,65.0,2.0,5.1481164360014295,5.0989350454708315,2.0,25.0,0.0,0,,25,2024-08-29 14:30:28.947300,1.0,0,1.0,1.0,0,1.0,0.0,0,
Bryan Gil Salvatierra,Tottenham,MID,50.0,0.0,0.45030442674567683,0.48586687171374204,0.0,25.0,0.0,0,,25,2024-08-29 14:30:28.947300,0.0,0,,0.0,0,,0.0,0,
Bryan Mbeumo,Brentford,MID,70.0,1.0,3.012019578352162,3.0555769556078207,2.0,25.0,0.0,0,,25,2024-08-29 14:30:28.947300,0.0,0,,0.0,0,,0.0,0,
Bukayo Saka,Arsenal,MID,100.0,6.0,4.029491798896547,6.026734040912104,6.0,25.0,0.0,0,,25,2024-08-29 14:30:28.947300,0.0,0,,0.0,0,,1.0,1,1.0
Caleb Okoli,Leicester,DEF,40.0,0.0,0.33358705975262,0.9065277892854537,0.0,25.0,0.0,0,,25,2024-08-29 14:30:28.947300,0.0,0,,0.0,0,,0.0,0,
Caleb Wiley,Chelsea,DEF,40.0,0.0,0.33358705975262,0.43410236593180734,0.0,25.0,0.0,0,,25,2024-08-29 14:30:28.947300,0.0,0,,0.0,0,,0.0,0,
Callum Hudson-Odoi,Nottingham,MID,55.0,3.0,3.7199909403456823,3.3937734814860536,2.0,25.0,0.0,0,,25,2024-08-29 14:30:28.947300,0.0,0,,0.0,0,,0.0,0,
Callum Wilson,Newcastle,FWD,70.0,0.0,1.4232140733139906,1.4766234078366423,0.0,25.0,0.0,0,,25,2024-08-29 14:30:28.947300,0.0,0,,0.0,0,,0.0,0,
Calvin Bassey,Fulham,DEF,45.0,2.0,2.7614419534695345,2.7544225467508543,1.0,25.0,0.0,0,,25,2024-08-29 14:30:28.947300,0.0,0,,0.0,0,,0.0,0,
Cameron Archer,Southampton,FWD,50.0,1.0,1.8488002665997638,2.2040005839816086,1.0,25.0,0.0,0,,25,2024-08-29 14:30:28.947300,0.0,0,,0.0,0,,0.0,0,
Cameron Burgess,Ipswich,DEF,40.0,0.0,0.33358705975262,0.9065277892854537,0.0,25.0,0.0,0,,25,2024-08-29 14:30:28.947300,0.0,0,,0.0,0,,0.0,0,
Cameron Humphreys,Ipswich,MID,45.0,0.0,0.33358705975262,0.9502907429164884,0.0,25.0,0.0,0,,25,2024-08-29 14:30:28.947300,0.0,0,,0.0,0,,0.0,0,
Cameron Peupion,Brighton,MID,45.0,0.0,0.3192268438666069,0.3260765941488744,0.0,25.0,0.0,0,,25,2024-08-29 14:30:28.947300,0.0,0,,0.0,0,,0.0,0,
Caoimhin Kelleher,Liverpool,GK,45.0,0.0,0.5756268941423683,0.973667411986911,0.0,25.0,0.0,0,,25,2024-08-29 14:30:28.947300,0.0,0,,0.0,0,,0.0,0,
Carl Rushworth,Brighton,GK,40.0,0.0,0.33358705975262,0.39430940731591685,0.0,25.0,0.0,0,,25,2024-08-29 14:30:28.947300,0.0,0,,0.0,0,,0.0,0,
Carlos Alcaraz Durán,Southampton,MID,50.0,0.0,1.0621625833065385,2.3161897106859395,0.0,25.0,0.0,0,,25,2024-08-29 14:30:28.947300,0.0,0,,0.0,0,,0.0,0,
Carlos Baleba,Brighton,MID,50.0,1.0,1.762575793028951,1.7922890391839477,1.0,25.0,0.0,0,,25,2024-08-29 14:30:28.947300,0.0,0,,0.0,0,,0.0,0,
Carlos Henrique Casimiro,Manchester Utd,MID,50.0,2.0,2.7618016441583397,3.039929172992448,1.0,25.0,0.0,0,,25,2024-08-29 14:30:28.947300,0.0,0,,0.0,0,,0.0,0,
Carlos Miguel dos Santos Pereira,Nottingham,GK,44.0,0.0,0.33358705975262,0.512420146467606,0.0,25.0,0.0,0,,25,2024-08-29 14:30:28.947300,0.0,0,,0.0,0,,0.0,0,
Carlos Vinícius Alves Morais,Fulham,FWD,50.0,0.0,0.5119640312278346,0.5160786411278669,0.0,25.0,0.0,0,,25,2024-08-29 14:30:28.947300,0.0,0,,0.0,0,,0.0,0,
Carney Chukwuemeka,Chelsea,MID,50.0,0.0,0.46161628906216395,0.5001587677728949,0.0,25.0,0.0,0,,25,2024-08-29 14:30:28.947300,0.0,0,,0.0,0,,0.0,0,
Cesare Casadei,Chelsea,MID,45.0,0.0,0.7556332864282232,0.803332474310057,1.0,25.0,0.0,0,,25,2024-08-29 14:30:28.947300,0.0,0,,0.0,0,,0.0,0,
Chadi Riad Dnanou,Crystal Palace,DEF,45.0,1.0,1.005397399333941,1.1019651808406825,0.0,25.0,0.0,0,,25,2024-08-29 14:30:28.947300,0.0,0,,0.0,0,,0.0,0,
Charlie Taylor,Southampton,DEF,40.0,1.0,1.005397399333941,2.37443040957016,0.0,25.0,0.0,0,,25,2024-08-29 14:30:28.947300,0.0,0,,0.0,0,,0.0,0,
Cheick Doucouré,Crystal Palace,MID,50.0,0.0,0.8842655963398846,0.7571944541813859,0.0,25.0,0.0,0,,25,2024-08-29 14:30:28.947300,0.0,0,,0.0,0,,0.0,0,
Chris Mepham,Bournemouth,DEF,45.0,0.0,0.5763501333670975,0.5571670227987525,0.0,25.0,0.0,0,,25,2024-08-29 14:30:28.947300,0.0,0,,0.0,0,,0.0,0,
Chris Richards,Crystal Palace,DEF,45.0,1.0,2.4778597609783466,2.315728205654852,1.0,25.0,0.0,0,,25,2024-08-29 14:30:28.947300,0.0,0,,0.0,0,,0.0,0,
Chris Wood,Nottingham,FWD,61.0,1.0,3.813446779846949,2.3588116696375026,2.0,25.0,0.0,0,,25,2024-08-29 14:30:28.947300,0.0,0,,0.0,0,,0.0,0,
Christian Eriksen,Manchester Utd,MID,55.0,0.0,1.225641790707471,1.460116813233787,1.0,25.0,0.0,0,,25,2024-08-29 14:30:28.947300,0.0,0,,0.0,0,,0.0,0,
Christian Nørgaard,Brentford,MID,50.0,1.0,2.2350219951901136,2.1412968890433,2.0,25.0,0.0,0,,25,2024-08-29 14:30:28.947300,0.0,0,,0.0,0,,0.0,0,
Christian Walton,Ipswich,GK,45.0,0.0,1.72319096491782,2.587082228867384,0.0,25.0,0.0,0,,25,2024-08-29 14:30:28.947300,0.0,0,,0.0,0,,0.0,0,
Christopher Nkunku,Chelsea,MID,65.0,1.0,1.9411583937399768,2.0434524609080635,0.0,25.0,0.0,0,,25,2024-08-29 14:30:28.947300,0.0,0,,0.0,0,,0.0,0,
Cieran Slicker,Ipswich,GK,40.0,0.0,0.33358705975262,0.8804510510332925,0.0,25.0,0.0,0,,25,2024-08-29 14:30:28.947300,0.0,0,,0.0,0,,0.0,0,
Cody Gakpo,Liverpool,FWD,74.0,1.0,3.131226791443065,3.2679699552075556,1.0,25.0,0.0,0,,25,2024-08-29 14:30:28.947300,0.0,0,,0.0,0,,0.0,0,
Conor Bradley,Liverpool,DEF,50.0,1.0,3.097313306118419,2.5364666245178378,0.0,25.0,0.0,0,,25,2024-08-29 14:30:28.947300,0.0,0,,0.0,0,,0.0,0,
Conor Chaplin,Ipswich,MID,55.0,1.0,2.3303344430148796,2.6412573651849187,1.0,25.0,0.0,0,,25,2024-08-29 14:30:28.947300,0.0,0,,0.0,0,,0.0,0,
Conor Coady,Leicester,DEF,40.0,0.0,0.33358705975262,0.9065277892854537,0.0,25.0,0.0,0,,25,2024-08-29 14:30:28.947300,0.0,0,,0.0,0,,0.0,0,
Conor Gallagher,Chelsea,MID,59.0,0.0,1.6241758639404529,2.6592745670748785,2.0,25.0,0.0,0,,25,2024-08-29 14:30:28.947300,0.0,0,,0.0,0,,0.0,0,
Conor Townsend,Ipswich,DEF,40.0,0.0,0.33358705975262,0.9065277892854537,0.0,25.0,0.0,0,,25,2024-08-29 14:30:28.947300,0.0,0,,0.0,0,,0.0,0,
Corrie Ndaba,Ipswich,DEF,40.0,0.0,0.33358705975262,0.9065277892854537,0.0,25.0,0.0,0,,25,2024-08-29 14:30:28.947300,0.0,0,,0.0,0,,0.0,0,
Craig Dawson,Wolves,DEF,45.0,1.0,1.9788675071307138,1.778062078840747,1.0,25.0,0.0,0,,25,2024-08-29 14:30:28.947300,0.0,0,,0.0,0,,0.0,0,
Crysencio Summerville,West Ham,MID,60.0,0.0,1.0621625833065385,1.173861561829671,0.0,25.0,0.0,0,,25,2024-08-29 14:30:28.947300,0.0,0,,0.0,0,,0.0,0,
Curtis Jones,Liverpool,MID,55.0,0.0,1.076758712274272,1.0388819808200633,1.0,25.0,0.0,0,,25,2024-08-29 14:30:28.947300,0.0,0,,0.0,0,,0.0,0,
Daichi Kamada,Crystal Palace,MID,55.0,1.0,1.8488002665997638,2.076878666307393,1.0,25.0,0.0,0,,25,2024-08-29 14:30:28.947300,0.0,0,,0.0,0,,0.0,0,
Dan Burn,Newcastle,DEF,45.0,1.0,2.570368528650648,2.605781640826634,1.0,25.0,0.0,0,,25,2024-08-29 14:30:28.947300,0.0,0,,0.0,0,,0.0,0,
Dane Scarlett,Tottenham,FWD,45.0,0.0,0.5042982406187234,0.45786972138748877,0.0,25.0,0.0,0,,25,2024-08-29 14:30:28.947300,0.0,0,,0.0,0,,0.0,0,
Dango Ouattara,Bournemouth,MID,50.0,1.0,2.2974895437356957,2.1664653056164007,1.0,25.0,0.0,0,,25,2024-08-29 14:30:28.947300,0.0,0,,0.0,0,,0.0,0,
Daniel Bentley,Wolves,GK,40.0,0.0,0.471014218695298,0.522344035187714,0.0,25.0,0.0,0,,25,2024-08-29 14:30:28.947300,0.0,0,,0.0,0,,0.0,0,
Daniel Castelo Podence,Wolves,MID,55.0,1.0,0.7832286134490123,0.8168969384874945,0.0,25.0,0.0,0,,25,2024-08-29 14:30:28.947300,0.0,0,,0.0,0,,0.0,0,
Daniel Iversen,Leicester,GK,40.0,0.0,0.33358705975262,0.8804510510332925,0.0,25.0,0.0,0,,25,2024-08-29 14:30:28.947300,0.0,0,,0.0,0,,0.0,0,
Daniel Jebbison,Bournemouth,FWD,45.0,1.0,1.8488002665997638,1.8340416887500353,1.0,25.0,0.0,0,,25,2024-08-29 14:30:28.947300,0.0,0,,0.0,0,,0.0,0,
Daniel Muñoz,Crystal Palace,DEF,50.0,1.0,3.3214284990444165,2.573837744388881,2.0,25.0,0.0,0,,25,2024-08-29 14:30:28.947300,0.0,0,,0.0,0,,0.0,0,
Danilo dos Santos de Oliveira,Nottingham,MID,49.0,0.0,2.3245939622093466,1.7066291951250094,1.0,25.0,0.0,0,,25,2024-08-29 14:30:28.947300,0.0,0,,0.0,0,,0.0,0,
Danny Ings,West Ham,FWD,50.0,0.0,1.1928540701242396,1.523933412127195,0.0,25.0,0.0,0,,25,2024-08-29 14:30:28.947300,0.0,0,,0.0,0,,0.0,0,
Danny Ward,Leicester,GK,40.0,0.0,0.33358705975262,0.8804510510332925,0.0,25.0,0.0,0,,25,2024-08-29 14:30:28.947300,0.0,0,,0.0,0,,0.0,0,
Darwin Núñez Ribeiro,Liverpool,FWD,74.0,1.0,2.401805113548634,2.655702788318589,2.0,25.0,0.0,0,,25,2024-08-29 14:30:28.947300,0.0,0,,0.0,0,,0.0,0,
David Brooks,Bournemouth,MID,50.0,0.0,0.5080432397134007,0.4457947949195273,0.0,25.0,0.0,0,,25,2024-08-29 14:30:28.947300,0.0,0,,0.0,0,,0.0,0,
David Datro Fofana,Chelsea,FWD,55.0,0.0,0.3192268438666069,0.4314660415971025,0.0,25.0,0.0,0,,25,2024-08-29 14:30:28.947300,0.0,0,,0.0,0,,0.0,0,
David Ozoh,Crystal Palace,MID,45.0,0.0,0.5379877633968764,0.41495661599740236,0.0,25.0,0.0,0,,25,2024-08-29 14:30:28.947300,0.0,0,,0.0,0,,0.0,0,
Dean Henderson,Crystal Palace,GK,45.0,1.0,2.7379127867207234,2.425137776198599,0.0,25.0,0.0,0,,25,2024-08-29 14:30:28.947300,0.0,0,,0.0,0,,0.0,0,
Dean Huijsen,Bournemouth,DEF,45.0,0.0,1.72319096491782,1.8975936572624452,0.0,25.0,0.0,0,,25,2024-08-29 14:30:28.947300,0.0,0,,0.0,0,,0.0,0,
Declan Rice,Arsenal,MID,65.0,2.0,4.42689778601724,6.746285383837901,3.0,25.0,0.0,0,,25,2024-08-29 14:30:28.947300,0.0,0,,1.0,0,1.0,0.0,0,
Deivid Washington de Souza Eugênio,Chelsea,FWD,50.0,0.0,0.3176594332797127,0.43187070227118524,0.0,25.0,0.0,0,,25,2024-08-29 14:30:28.947300,0.0,0,,0.0,0,,0.0,0,
Dejan Kulusevski,Tottenham,MID,65.0,6.0,3.5777094638893114,3.39673155902583,2.0,25.0,0.0,0,,25,2024-08-29 14:30:28.947300,0.0,0,,0.0,0,,0.0,0,
Deniz Undav,Brighton,FWD,55.0,0.0,0.3192268438666069,0.33880387945058227,0.0,25.0,0.0,0,,25,2024-08-29 14:30:28.947300,0.0,0,,0.0,0,,0.0,0,
Destiny Udogie,Tottenham,DEF,50.0,6.0,2.580784220959566,2.9117037058944057,1.0,25.0,0.0,0,,25,2024-08-29 14:30:28.947300,0.0,0,,0.0,0,,0.0,0,
Diego Carlos Santos Silva,Aston Villa,DEF,45.0,0.0,0.9359936523013733,1.0901968243128557,1.0,25.0,0.0,0,,25,2024-08-29 14:30:28.947300,0.0,0,,0.0,0,,0.0,0,
Diogo Dalot Teixeira,Manchester Utd,DEF,50.0,1.0,3.011704939130776,2.802695813929282,1.0,25.0,0.0,0,,25,2024-08-29 14:30:28.947300,0.0,0,,0.0,0,,0.0,0,
Diogo Teixeira da Silva,Liverpool,MID,76.0,6.0,2.9344140504868337,3.1300080658590916,1.0,25.0,0.0,0,,25,2024-08-29 14:30:28.947300,0.0,0,,0.0,0,,0.0,0,
Djed Spence,Tottenham,DEF,45.0,1.0,0.7832286134490123,1.205684921456941,0.0,25.0,0.0,0,,25,2024-08-29 14:30:28.947300,0.0,0,,0.0,0,,0.0,0,
Dominic Calvert-Lewin,Everton,FWD,60.0,2.0,3.140813197955526,2.9997330829563547,2.0,25.0,0.0,0,,25,2024-08-29 14:30:28.947300,0.0,0,,0.0,0,,0.0,0,
Dominic Solanke-Mitchell,Tottenham,FWD,75.0,0.0,1.72319096491782,1.8259786217710827,0.0,25.0,0.0,0,,25,2024-08-29 14:30:28.947300,0.0,0,,0.0,0,,0.0,0,
Dominik Szoboszlai,Liverpool,MID,65.0,2.0,3.1216357611628696,3.17175335462124,2.0,25.0,0.0,0,,25,2024-08-29 14:30:28.947300,0.0,0,,0.0,0,,0.0,0,
Dwight McNeil,Everton,MID,55.0,2.0,3.9577529856545732,3.8275714003464634,2.0,25.0,0.0,0,,25,2024-08-29 14:30:28.947300,0.0,0,,0.0,0,,0.0,0,
Eberechi Eze,Crystal Palace,MID,70.0,2.0,4.796095913394963,2.9597727030234355,2.0,25.0,0.0,0,,25,2024-08-29 14:30:28.947300,1.0,0,1.0,0.0,0,,0.0,0,
Eddie Nketiah,Arsenal,FWD,59.0,0.0,0.4186360916625099,0.6418778414998502,1.0,25.0,0.0,0,,25,2024-08-29 14:30:28.947300,0.0,0,,0.0,0,,0.0,0,
Ederson Santana de Moraes,Manchester City,GK,55.0,2.0,4.124957441140688,3.794930945863776,2.0,25.0,0.0,0,,25,2024-08-29 14:30:28.947300,0.0,0,,1.0,0,0.0,0.0,0,
Edson Álvarez Velázquez,West Ham,MID,50.0,1.0,1.4022711100195686,1.4562984370042982,1.0,25.0,0.0,0,,25,2024-08-29 14:30:28.947300,0.0,0,,0.0,0,,0.0,0,
Elkan Baggott,Ipswich,DEF,40.0,0.0,0.33358705975262,0.9065277892854537,0.0,25.0,0.0,0,,25,2024-08-29 14:30:28.947300,0.0,0,,0.0,0,,0.0,0,
Elliot Anderson,Nottingham,MID,50.0,3.0,2.047801346445392,2.094701337218591,1.0,25.0,0.0,0,,25,2024-08-29 14:30:28.947300,0.0,0,,0.0,0,,0.0,0,
Emerson Aparecido Leite de Souza Junior,Tottenham,DEF,45.0,0.0,0.6797493722390209,0.5315726619022803,0.0,25.0,0.0,0,,25,2024-08-29 14:30:28.947300,0.0,0,,0.0,0,,0.0,0,
Emerson Palmieri dos Santos,West Ham,DEF,45.0,6.0,2.628133018723682,2.4394155389389796,1.0,25.0,0.0,0,,25,2024-08-29 14:30:28.947300,0.0,0,,0.0,0,,0.0,0,
Emil Krafth,Newcastle,DEF,45.0,2.0,2.647507513282595,2.2023625252506873,0.0,25.0,0.0,0,,25,2024-08-29 14:30:28.947300,0.0,0,,0.0,0,,0.0,0,
Emile Smith Rowe,Fulham,MID,55.0,10.0,3.4279509743113423,3.0822695632428023,3.0,25.0,0.0,0,,25,2024-08-29 14:30:28.947300,0.0,0,,0.0,0,,0.0,0,
Emiliano Buendía Stati,Aston Villa,MID,55.0,0.0,0.3192268438666069,0.33803195771876515,0.0,25.0,0.0,0,,25,2024-08-29 14:30:28.947300,0.0,0,,0.0,0,,0.0,0,
Emiliano Martínez Romero,Aston Villa,GK,50.0,1.0,2.402985796389278,2.4326828246731336,2.0,25.0,0.0,0,,25,2024-08-29 14:30:28.947300,0.0,0,,0.0,0,,0.0,0,
Emmanuel Dennis,Nottingham,FWD,50.0,0.0,0.3192268438666069,0.3915179605467277,0.0,25.0,0.0,0,,25,2024-08-29 14:30:28.947300,0.0,0,,0.0,0,,0.0,0,
Endo Wataru,Liverpool,MID,49.0,1.0,1.005397399333941,1.3288244217253276,0.0,25.0,0.0,0,,25,2024-08-29 14:30:28.947300,0.0,0,,0.0,0,,0.0,0,
Enes Ünal,Bournemouth,FWD,55.0,0.0,1.7205975753821139,1.7416377179546343,1.0,25.0,0.0,0,,25,2024-08-29 14:30:28.947300,0.0,0,,0.0,0,,0.0,0,
Enso González,Wolves,MID,45.0,0.0,0.41857965600326624,0.3964512766014861,0.0,25.0,0.0,0,,25,2024-08-29 14:30:28.947300,0.0,0,,0.0,0,,0.0,0,
Enzo Barrenechea,Aston Villa,MID,50.0,0.0,0.33358705975262,0.33803195771876515,0.0,25.0,0.0,0,,25,2024-08-29 14:30:28.947300,0.0,0,,0.0,0,,0.0,0,
Enzo Fernández,Chelsea,MID,50.0,2.0,2.63328256292321,2.6098064062609665,2.0,25.0,0.0,0,,25,2024-08-29 14:30:28.947300,0.0,0,,0.0,0,,0.0,0,
Eric da Silva Moreira,Nottingham,MID,45.0,0.0,0.33358705975262,0.3808187643892611,0.0,25.0,0.0,0,,25,2024-08-29 14:30:28.947300,0.0,0,,0.0,0,,0.0,0,
Ethan Brierley,Brentford,MID,45.0,0.0,0.3192268438666069,0.3260765941488744,0.0,25.0,0.0,0,,25,2024-08-29 14:30:28.947300,0.0,0,,0.0,0,,0.0,0,
Ethan Nwaneri,Arsenal,MID,45.0,0.0,0.3192268438666069,0.4471413954662168,0.0,25.0,0.0,0,,25,2024-08-29 14:30:28.947300,0.0,0,,0.0,0,,0.0,0,
Ethan Pinnock,Brentford,DEF,45.0,1.0,2.4938198639484654,2.0364674127927422,1.0,25.0,0.0,0,,25,2024-08-29 14:30:28.947300,0.0,0,,0.0,0,,0.0,0,
Evan Ferguson,Brighton,FWD,55.0,0.0,0.4955792721765494,0.5437097496375857,1.0,25.0,0.0,0,,25,2024-08-29 14:30:28.947300,0.0,0,,0.0,0,,0.0,0,
Ezri Konsa Ngoyo,Aston Villa,DEF,45.0,1.0,2.1197904473355837,2.001005612053195,1.0,25.0,0.0,0,,25,2024-08-29 14:30:28.947300,0.0,0,,0.0,0,,0.0,0,
Fabian Schär,Newcastle,DEF,54.0,0.0,1.848914133451665,1.630004719403756,1.0,25.0,0.0,0,,25,2024-08-29 14:30:28.947300,0.0,0,,0.0,0,,0.0,0,
Facundo Buonanotte,Leicester,MID,50.0,5.0,2.59744470553131,4.035300317890678,2.0,25.0,0.0,0,,25,2024-08-29 14:30:28.947300,0.0,0,,0.0,0,,0.0,0,
Facundo Pellistri Rebollo,Manchester Utd,MID,50.0,0.0,0.4803451664710725,0.4759770908381297,0.0,25.0,0.0,0,,25,2024-08-29 14:30:28.947300,0.0,0,,0.0,0,,0.0,0,
Filip Jørgensen,Chelsea,GK,45.0,0.0,0.33358705975262,0.44013432882931686,0.0,25.0,0.0,0,,25,2024-08-29 14:30:28.947300,0.0,0,,0.0,0,,0.0,0,
Filip Marschall,Aston Villa,GK,40.0,0.0,0.3192268438666069,0.3593612967037568,0.0,25.0,0.0,0,,25,2024-08-29 14:30:28.947300,0.0,0,,0.0,0,,0.0,0,
Flynn Downes,Southampton,MID,50.0,1.0,2.3303344430148796,2.6412573651849187,1.0,25.0,0.0,0,,25,2024-08-29 14:30:28.947300,0.0,0,,0.0,0,,0.0,0,
Francisco Evanilson de Lima Barbosa,Bournemouth,FWD,60.0,2.0,0.5357842186071446,1.341829161878403,2.0,25.0,0.0,0,,25,2024-08-29 14:30:28.947300,0.0,0,,0.0,0,,0.0,0,
Francisco Jorge Tomás Oliveira,Wolves,MID,45.0,0.0,0.6973834520953063,0.6704879721430921,0.0,25.0,0.0,0,,25,2024-08-29 14:30:28.947300,0.0,0,,0.0,0,,0.0,0,
Frank Onyeka,Brentford,MID,50.0,1.0,1.6169332843623367,1.4786991722588765,1.0,25.0,0.0,0,,25,2024-08-29 14:30:28.947300,0.0,0,,0.0,0,,0.0,0,
Fraser Forster,Tottenham,GK,45.0,0.0,0.3192268438666069,0.38309106574119556,0.0,25.0,0.0,0,,25,2024-08-29 14:30:28.947300,0.0,0,,0.0,0,,0.0,0,
Freddie Ladapo,Ipswich,FWD,45.0,0.0,0.33358705975262,0.4774767809547211,0.0,25.0,0.0,0,,25,2024-08-29 14:30:28.947300,0.0,0,,0.0,0,,0.0,0,
Fábio Ferreira Vieira,Arsenal,MID,55.0,0.0,0.43745618577512035,0.5456366409177633,0.0,25.0,0.0,0,,25,2024-08-29 14:30:28.947300,0.0,0,,0.0,0,,0.0,0,
Fábio Freitas Gouveia Carvalho,Brentford,MID,50.0,1.0,1.8488002665997638,1.9365294638560548,1.0,25.0,0.0,0,,25,2024-08-29 14:30:28.947300,0.0,0,,0.0,0,,0.0,0,
Fábio Silva,Wolves,FWD,50.0,0.0,0.42433359186496367,0.4321452557972861,0.0,25.0,0.0,0,,25,2024-08-29 14:30:28.947300,0.0,0,,0.0,0,,0.0,0,
Gabriel Fernando de Jesus,Arsenal,FWD,69.0,0.0,1.5080618193730118,2.034746453978019,1.0,25.0,0.0,0,,25,2024-08-29 14:30:28.947300,0.0,0,,0.0,0,,0.0,0,
Gabriel Martinelli Silva,Arsenal,MID,70.0,3.0,2.797810466977262,3.1723505267789878,2.0,25.0,0.0,0,,25,2024-08-29 14:30:28.947300,0.0,0,,0.0,0,,0.0,0,
Gabriel dos Santos Magalhães,Arsenal,DEF,60.0,6.0,4.078191196527533,4.358249030143167,2.0,25.0,0.0,0,,25,2024-08-29 14:30:28.947300,0.0,0,,1.0,0,1.0,0.0,0,
Garang Kuol,Newcastle,MID,45.0,0.0,0.3192268438666069,0.3564672989212484,0.0,25.0,0.0,0,,25,2024-08-29 14:30:28.947300,0.0,0,,0.0,0,,0.0,0,
Gavin Bazunu,Southampton,GK,45.0,0.0,0.33358705975262,0.8804510510332925,0.0,25.0,0.0,0,,25,2024-08-29 14:30:28.947300,0.0,0,,0.0,0,,0.0,0,
George Earthy,West Ham,MID,45.0,0.0,0.9261225951240742,0.9428824807052165,0.0,25.0,0.0,0,,25,2024-08-29 14:30:28.947300,0.0,0,,0.0,0,,0.0,0,
George Edmundson,Ipswich,DEF,40.0,1.0,1.005397399333941,2.37443040957016,0.0,25.0,0.0,0,,25,2024-08-29 14:30:28.947300,0.0,0,,0.0,0,,0.0,0,
George Hirst,Ipswich,FWD,55.0,0.0,0.33358705975262,0.4774767809547211,0.0,25.0,0.0,0,,25,2024-08-29 14:30:28.947300,0.0,0,,0.0,0,,0.0,0,
Georginio Rutter,Brighton,MID,55.0,1.0,0.2924494270565466,0.6517942608434975,1.0,25.0,0.0,0,,25,2024-08-29 14:30:28.947300,0.0,0,,0.0,0,,0.0,0,
Giovani Lo Celso,Tottenham,MID,50.0,0.0,1.104176426085513,0.7932627647535966,1.0,25.0,0.0,0,,25,2024-08-29 14:30:28.947300,0.0,0,,0.0,0,,0.0,0,
Gonçalo Manuel Ganchinho Guedes,Wolves,MID,55.0,0.0,0.3192268438666069,0.33071868149329003,0.0,25.0,0.0,0,,25,2024-08-29 14:30:28.947300,0.0,0,,0.0,0,,0.0,0,
Guglielmo Vicario,Tottenham,GK,50.0,6.0,3.2259423882972555,3.352712173011241,2.0,25.0,0.0,0,,25,2024-08-29 14:30:28.947300,0.0,0,,0.0,0,,0.0,0,
Guido Rodríguez,West Ham,MID,50.0,3.0,2.927748665156913,3.0079577653593996,2.0,25.0,0.0,0,,25,2024-08-29 14:30:28.947300,0.0,0,,0.0,0,,0.0,0,
Hamed Traorè,Bournemouth,MID,45.0,0.0,0.3192268438666069,0.3337867050088297,0.0,25.0,0.0,0,,25,2024-08-29 14:30:28.947300,0.0,0,,0.0,0,,0.0,0,
Hamza Choudhury,Leicester,MID,45.0,0.0,0.33358705975262,0.9502907429164884,0.0,25.0,0.0,0,,25,2024-08-29 14:30:28.947300,0.0,0,,0.0,0,,0.0,0,
Hannibal Mejbri,Manchester Utd,MID,45.0,0.0,0.5475246931832042,0.5058878424920482,0.0,25.0,0.0,0,,25,2024-08-29 14:30:28.947300,0.0,0,,0.0,0,,0.0,0,
Harrison Armstrong,Everton,MID,45.0,1.0,1.005397399333941,2.3488392428402625,0.0,25.0,0.0,0,,25,2024-08-29 14:30:28.947300,0.0,0,,0.0,0,,0.0,0,
Harrison Reed,Fulham,MID,50.0,1.0,1.6255348858627312,1.5924463569801885,1.0,25.0,0.0,0,,25,2024-08-29 14:30:28.947300,0.0,0,,0.0,0,,0.0,0,
Harry Clarke,Ipswich,DEF,40.0,0.0,0.33358705975262,0.9065277892854537,0.0,25.0,0.0,0,,25,2024-08-29 14:30:28.947300,0.0,0,,0.0,0,,0.0,0,
Harry Maguire,Manchester Utd,DEF,50.0,2.0,2.90432044648638,2.984012467072186,1.0,25.0,0.0,0,,25,2024-08-29 14:30:28.947300,0.0,0,,0.0,0,,0.0,0,
Harry Souttar,Leicester,DEF,40.0,0.0,0.33358705975262,0.9065277892854537,0.0,25.0,0.0,0,,25,2024-08-29 14:30:28.947300,0.0,0,,0.0,0,,0.0,0,
Harry Toffolo,Nottingham,DEF,45.0,0.0,1.3240944550799723,1.3136560268205328,0.0,25.0,0.0,0,,25,2024-08-29 14:30:28.947300,0.0,0,,0.0,0,,0.0,0,
Harry Wilson,Fulham,MID,55.0,0.0,2.142774680470632,2.034985757147257,1.0,25.0,0.0,0,,25,2024-08-29 14:30:28.947300,0.0,0,,0.0,0,,0.0,0,
Harry Winks,Leicester,MID,45.0,2.0,2.941708082252508,3.106821065120178,2.0,25.0,0.0,0,,25,2024-08-29 14:30:28.947300,0.0,0,,0.0,0,,0.0,0,
Harvey Barnes,Newcastle,MID,65.0,5.0,3.425364531163237,3.1751979252333857,1.0,25.0,0.0,0,,25,2024-08-29 14:30:28.947300,0.0,0,,0.0,0,,0.0,0,
Harvey Elliott,Liverpool,MID,54.0,1.0,3.5466551797646027,3.960456743007764,1.0,25.0,0.0,0,,25,2024-08-29 14:30:28.947300,0.0,0,,0.0,0,,0.0,0,
Hugo Bueno López,Wolves,DEF,45.0,0.0,0.7247254666158435,0.637165517958775,0.0,25.0,0.0,0,,25,2024-08-29 14:30:28.947300,0.0,0,,0.0,0,,0.0,0,
Hwang Hee-chan,Wolves,MID,65.0,1.0,2.7155612338702406,2.5785596906922525,2.0,25.0,0.0,0,,25,2024-08-29 14:30:28.947300,0.0,0,,0.0,0,,0.0,0,
Hwang Ui-jo,Nottingham,FWD,45.0,0.0,0.3192268438666069,0.3915179605467277,0.0,25.0,0.0,0,,25,2024-08-29 14:30:28.947300,0.0,0,,0.0,0,,0.0,0,
Hákon Valdimarsson,Brentford,GK,40.0,0.0,0.3192268438666069,0.3527408567151826,0.0,25.0,0.0,0,,25,2024-08-29 14:30:28.947300,0.0,0,,0.0,0,,0.0,0,
Ian Maatsen,Aston Villa,DEF,50.0,1.0,1.8488002665997638,1.9548585931063924,1.0,25.0,0.0,0,,25,2024-08-29 14:30:28.947300,0.0,0,,0.0,0,,0.0,0,
Ibrahim Osman,Brighton,MID,50.0,0.0,0.33358705975262,0.3260765941488744,0.0,25.0,0.0,0,,25,2024-08-29 14:30:28.947300,0.0,0,,0.0,0,,0.0,0,
Ibrahim Sangaré,Nottingham,MID,45.0,2.0,2.4140184897668098,2.4098252461318053,0.0,25.0,0.0,0,,25,2024-08-29 14:30:28.947300,0.0,0,,0.0,0,,0.0,0,
Ibrahima Konaté,Liverpool,DEF,50.0,7.0,2.452837741791779,2.7431835777845213,1.0,25.0,0.0,0,,25,2024-08-29 14:30:28.947300,0.0,0,,0.0,0,,0.0,0,
Idrissa Gueye,Everton,MID,50.0,2.0,3.6270899162056827,3.8298598469127514,1.0,25.0,0.0,0,,25,2024-08-29 14:30:28.947300,0.0,0,,0.0,0,,0.0,0,
Igor Julio dos Santos de Paulo,Brighton,DEF,45.0,0.0,1.2289177896343741,1.110101986136144,1.0,25.0,0.0,0,,25,2024-08-29 14:30:28.947300,0.0,0,,0.0,0,,0.0,0,
Igor Thiago Nascimento Rodrigues,Brentford,FWD,60.0,0.0,0.33358705975262,0.33880387945058227,0.0,25.0,0.0,0,,25,2024-08-29 14:30:28.947300,0.0,0,,0.0,0,,0.0,0,
Iliman Ndiaye,Everton,FWD,55.0,1.0,1.8488002665997638,2.0741883049789607,1.0,25.0,0.0,0,,25,2024-08-29 14:30:28.947300,0.0,0,,0.0,0,,0.0,0,
Ilkay Gündogan,Manchester City,MID,65.0,1.0,0.2924494270565466,0.8083652069450695,1.0,25.0,0.0,0,,25,2024-08-29 14:30:28.947300,0.0,0,,0.0,0,,0.0,0,
Illia Zabarnyi,Bournemouth,DEF,45.0,2.0,3.2354175644630456,2.549078299355156,1.0,25.0,0.0,0,,25,2024-08-29 14:30:28.947300,0.0,0,,0.0,0,,0.0,0,
Isaac Hayden,Newcastle,MID,45.0,0.0,0.3192268438666069,0.3564672989212484,0.0,25.0,0.0,0,,25,2024-08-29 14:30:28.947300,0.0,0,,0.0,0,,0.0,0,
Ismaïla Sarr,Crystal Palace,MID,60.0,1.0,1.8488002665997638,2.076878666307393,1.0,25.0,0.0,0,,25,2024-08-29 14:30:28.947300,0.0,0,,0.0,0,,0.0,0,
Issa Diop,Fulham,DEF,45.0,2.0,1.7901320544300863,2.168784391302234,0.0,25.0,0.0,0,,25,2024-08-29 14:30:28.947300,0.0,0,,0.0,0,,0.0,0,
Issa Kaboré,Manchester City,DEF,45.0,0.0,0.16649832554656965,0.5180588376629766,0.0,25.0,0.0,0,,25,2024-08-29 14:30:28.947300,0.0,0,,0.0,0,,0.0,0,
Ivan Toney,Brentford,FWD,74.0,0.0,1.916664549934591,1.4462862856077923,0.0,25.0,0.0,0,,25,2024-08-29 14:30:28.947300,0.0,0,,0.0,0,,0.0,0,
Jack Grealish,Manchester City,MID,65.0,0.0,0.7119420201262896,0.7651801150761806,0.0,25.0,0.0,0,,25,2024-08-29 14:30:28.947300,0.0,0,,0.0,0,,0.0,0,
Jack Harrison,Everton,MID,55.0,1.0,2.4610021622869245,2.5706675786810997,2.0,25.0,0.0,0,,25,2024-08-29 14:30:28.947300,0.0,0,,0.0,0,,0.0,0,
Jack Hinshelwood,Brighton,MID,50.0,2.0,2.70177168981812,2.118671789320561,0.0,25.0,0.0,0,,25,2024-08-29 14:30:28.947300,0.0,0,,0.0,0,,0.0,0,
Jack Stephens,Southampton,DEF,40.0,2.0,1.648785139200938,2.73932430410884,1.0,25.0,0.0,0,,25,2024-08-29 14:30:28.947300,0.0,0,,0.0,0,,0.0,0,
Jack Taylor,Ipswich,MID,50.0,1.0,1.8488002665997638,2.698034118075626,1.0,25.0,0.0,0,,25,2024-08-29 14:30:28.947300,0.0,0,,0.0,0,,0.0,0,
Jacob Greaves,Ipswich,DEF,40.0,0.0,1.0621625833065385,2.3684757909109817,0.0,25.0,0.0,0,,25,2024-08-29 14:30:28.947300,0.0,0,,0.0,0,,0.0,0,
Jacob Murphy,Newcastle,MID,55.0,1.0,2.7184155127725287,3.489704409449386,1.0,25.0,0.0,0,,25,2024-08-29 14:30:28.947300,0.0,0,,0.0,0,,0.0,0,
Jacob Ramsey,Aston Villa,MID,55.0,1.0,1.8585412091904638,1.7003248529234503,0.0,25.0,0.0,0,,25,2024-08-29 14:30:28.947300,0.0,0,,0.0,0,,0.0,0,
Jaden Philogene,Aston Villa,MID,55.0,0.0,0.33358705975262,0.33803195771876515,0.0,25.0,0.0,0,,25,2024-08-29 14:30:28.947300,0.0,0,,0.0,0,,0.0,0,
Jadon Sancho,Manchester Utd,MID,64.0,0.0,0.3192268438666069,0.35680700870854015,0.0,25.0,0.0,0,,25,2024-08-29 14:30:28.947300,0.0,0,,0.0,0,,0.0,0,
Jaidon Anthony,Bournemouth,MID,45.0,0.0,0.3192268438666069,0.3337867050088297,0.0,25.0,0.0,0,,25,2024-08-29 14:30:28.947300,0.0,0,,0.0,0,,0.0,0,
Jake O'Brien,Everton,DEF,50.0,0.0,0.33358705975262,0.632574827243486,0.0,25.0,0.0,0,,25,2024-08-29 14:30:28.947300,0.0,0,,0.0,0,,0.0,0,
Jakub Kiwior,Arsenal,DEF,50.0,0.0,1.4786735128605475,1.8004323228903485,0.0,25.0,0.0,0,,25,2024-08-29 14:30:28.947300,0.0,0,,0.0,0,,0.0,0,
Jakub Moder,Brighton,MID,45.0,0.0,1.0673312918852156,0.8897018540811683,0.0,25.0,0.0,0,,25,2024-08-29 14:30:28.947300,0.0,0,,0.0,0,,0.0,0,
Jakub Stolarczyk,Leicester,GK,40.0,0.0,0.33358705975262,0.8804510510332925,0.0,25.0,0.0,0,,25,2024-08-29 14:30:28.947300,0.0,0,,0.0,0,,0.0,0,
Jamaal Lascelles,Newcastle,DEF,45.0,0.0,0.7368468866700821,0.6195461076397648,0.0,25.0,0.0,0,,25,2024-08-29 14:30:28.947300,0.0,0,,0.0,0,,0.0,0,
Jamal Lewis,Newcastle,DEF,40.0,0.0,0.3192268438666069,0.4093899007361911,0.0,25.0,0.0,0,,25,2024-08-29 14:30:28.947300,0.0,0,,0.0,0,,0.0,0,
James Bree,Southampton,DEF,40.0,0.0,0.33358705975262,0.9065277892854537,0.0,25.0,0.0,0,,25,2024-08-29 14:30:28.947300,0.0,0,,0.0,0,,0.0,0,
James Garner,Everton,MID,50.0,0.0,1.3007047741203006,1.6221601982024367,2.0,25.0,0.0,0,,25,2024-08-29 14:30:28.947300,0.0,0,,0.0,0,,0.0,0,
James Hill,Bournemouth,DEF,40.0,0.0,0.38225236558193354,0.3997032148795259,0.0,25.0,0.0,0,,25,2024-08-29 14:30:28.947300,0.0,0,,0.0,0,,0.0,0,
James Justin,Leicester,DEF,45.0,1.0,2.3303344430148796,2.7187788409362876,1.0,25.0,0.0,0,,25,2024-08-29 14:30:28.947300,0.0,0,,0.0,0,,0.0,0,
James Maddison,Tottenham,MID,75.0,6.0,3.190927783929359,3.5152549840635903,2.0,25.0,0.0,0,,25,2024-08-29 14:30:28.947300,0.0,0,,0.0,0,,0.0,0,
James McAtee,Manchester City,MID,50.0,1.0,0.8828246062398483,1.0616689906019343,0.0,25.0,0.0,0,,25,2024-08-29 14:30:28.947300,0.0,0,,0.0,0,,0.0,0,
James McConnell,Liverpool,MID,45.0,0.0,0.3176594332797127,0.4240883862789232,0.0,25.0,0.0,0,,25,2024-08-29 14:30:28.947300,0.0,0,,0.0,0,,0.0,0,
James Milner,Brighton,MID,50.0,2.0,1.844290863275039,1.7560094782367421,0.0,25.0,0.0,0,,25,2024-08-29 14:30:28.947300,0.0,0,,0.0,0,,0.0,0,
James Tarkowski,Everton,DEF,50.0,0.0,1.7955838578270513,1.6173016420825101,1.0,25.0,0.0,0,,25,2024-08-29 14:30:28.947300,0.0,0,,0.0,0,,0.0,0,
James Ward-Prowse,West Ham,MID,65.0,0.0,2.506210207610836,2.6549786649850025,2.0,25.0,0.0,0,,25,2024-08-29 14:30:28.947300,0.0,0,,0.0,0,,0.0,0,
Jamie Vardy,Leicester,FWD,56.0,2.0,4.2102102915736515,2.7280161456232266,2.0,25.0,0.0,0,,25,2024-08-29 14:30:28.947300,0.0,0,,0.0,0,,0.0,0,
Jan Bednarek,Southampton,DEF,40.0,1.0,2.3303344430148796,2.7187788409362876,1.0,25.0,0.0,0,,25,2024-08-29 14:30:28.947300,0.0,0,,0.0,0,,0.0,0,
Jan Paul van Hecke,Brighton,DEF,45.0,1.0,2.12043114906859,2.0961722062927266,1.0,25.0,0.0,0,,25,2024-08-29 14:30:28.947300,0.0,0,,0.0,0,,0.0,0,
Jannik Vestergaard,Leicester,DEF,40.0,0.0,1.72319096491782,2.2227323104381935,0.0,25.0,0.0,0,,25,2024-08-29 14:30:28.947300,0.0,0,,0.0,0,,0.0,0,
Jarell Quansah,Liverpool,DEF,44.0,0.0,2.9896900792800976,3.0692655276333984,0.0,25.0,0.0,0,,25,2024-08-29 14:30:28.947300,0.0,0,,0.0,0,,0.0,0,
Jarrad Branthwaite,Everton,DEF,50.0,0.0,1.8219584690205304,1.291915270016469,1.0,25.0,0.0,0,,25,2024-08-29 14:30:28.947300,0.0,0,,0.0,0,,0.0,0,
Jarrod Bowen,West Ham,MID,75.0,8.0,3.8936158236269756,3.0934173558870546,2.0,25.0,0.0,0,,25,2024-08-29 14:30:28.947300,0.0,0,,0.0,0,,0.0,0,
Jason Steele,Brighton,GK,45.0,2.0,3.034733717521355,2.7736910281439595,0.0,25.0,0.0,0,,25,2024-08-29 14:30:28.947300,0.0,0,,0.0,0,,0.0,0,
Jay Stansfield,Fulham,FWD,50.0,0.0,0.6973834520953063,0.8869403978982803,0.0,25.0,0.0,0,,25,2024-08-29 14:30:28.947300,0.0,0,,0.0,0,,0.0,0,
Jean-Clair Todibo,West Ham,DEF,45.0,1.0,1.8488002665997638,2.3818832643639003,1.0,25.0,0.0,0,,25,2024-08-29 14:30:28.947300,0.0,0,,0.0,0,,0.0,0,
Jean-Philippe Mateta,Crystal Palace,FWD,75.0,2.0,5.395946974833114,3.107450432145987,2.0,25.0,0.0,0,,25,2024-08-29 14:30:28.947300,1.0,0,1.0,0.0,0,,0.0,0,
Jean-Ricner Bellegarde,Wolves,MID,50.0,2.0,1.8599923196367298,1.9977156793224673,1.0,25.0,0.0,0,,25,2024-08-29 14:30:28.947300,0.0,0,,0.0,0,,0.0,0,
Jefferson Lerma Solís,Crystal Palace,MID,50.0,2.0,1.5395751360770253,1.943194826097047,2.0,25.0,0.0,0,,25,2024-08-29 14:30:28.947300,0.0,0,,0.0,0,,0.0,0,
Jeffrey Schlupp,Crystal Palace,MID,50.0,1.0,1.9459541068395696,1.7260893694265715,1.0,25.0,0.0,0,,25,2024-08-29 14:30:28.947300,0.0,0,,0.0,0,,0.0,0,
Jens Cajuste,Ipswich,MID,45.0,0.0,0.16649832554656965,1.2501275873066888,0.0,25.0,0.0,0,,25,2024-08-29 14:30:28.947300,0.0,0,,0.0,0,,0.0,0,
Jenson Metcalfe,Everton,MID,45.0,0.0,0.3192268438666069,0.7259394605127802,0.0,25.0,0.0,0,,25,2024-08-29 14:30:28.947300,0.0,0,,0.0,0,,0.0,0,
Jeremy Sarmiento Morante,Brighton,MID,50.0,0.0,0.6973834520953063,0.6624112611274825,0.0,25.0,0.0,0,,25,2024-08-29 14:30:28.947300,0.0,0,,0.0,0,,0.0,0,
Jesper Lindstrøm,Everton,MID,54.0,1.0,1.005397399333941,2.3488392428402625,0.0,25.0,0.0,0,,25,2024-08-29 14:30:28.947300,0.0,0,,0.0,0,,0.0,0,
Jesurun Rak-Sakyi,Crystal Palace,MID,45.0,0.0,0.4252064970196585,0.4594856454487153,0.0,25.0,0.0,0,,25,2024-08-29 14:30:28.947300,0.0,0,,0.0,0,,0.0,0,
Jhon Durán,Aston Villa,FWD,60.0,1.0,2.470160878180821,2.6120509774096137,1.0,25.0,0.0,0,,25,2024-08-29 14:30:28.947300,0.0,0,,0.0,0,,0.0,0,
Joachim Andersen,Fulham,DEF,45.0,0.0,0.16649832554656965,0.6587183646397751,0.0,25.0,0.0,0,,25,2024-08-29 14:30:28.947300,0.0,0,,0.0,0,,0.0,0,
Joe Aribo,Southampton,MID,50.0,2.0,2.941708082252508,3.106821065120178,2.0,25.0,0.0,0,,25,2024-08-29 14:30:28.947300,0.0,0,,0.0,0,,0.0,0,
Joe Gauci,Aston Villa,GK,40.0,0.0,0.3192268438666069,0.3593612967037568,0.0,25.0,0.0,0,,25,2024-08-29 14:30:28.947300,0.0,0,,0.0,0,,0.0,0,
Joe Gomez,Liverpool,DEF,50.0,0.0,1.4871317488747597,1.6057942095388165,1.0,25.0,0.0,0,,25,2024-08-29 14:30:28.947300,0.0,0,,0.0,0,,0.0,0,
Joe Hodge,Wolves,MID,45.0,0.0,0.3192268438666069,0.33071868149329003,0.0,25.0,0.0,0,,25,2024-08-29 14:30:28.947300,0.0,0,,0.0,0,,0.0,0,
Joe Lumley,Southampton,GK,40.0,0.0,0.33358705975262,0.8804510510332925,0.0,25.0,0.0,0,,25,2024-08-29 14:30:28.947300,0.0,0,,0.0,0,,0.0,0,
Joe White,Newcastle,MID,45.0,0.0,0.41194722363678177,0.36021716241476415,0.0,25.0,0.0,0,,25,2024-08-29 14:30:28.947300,0.0,0,,0.0,0,,0.0,0,
Joe Willock,Newcastle,MID,50.0,1.0,1.2437000458000809,1.6818503036936403,0.0,25.0,0.0,0,,25,2024-08-29 14:30:28.947300,0.0,0,,0.0,0,,0.0,0,
Joe Worrall,Nottingham,DEF,45.0,0.0,0.5002574995109562,0.5106530834271726,0.0,25.0,0.0,0,,25,2024-08-29 14:30:28.947300,0.0,0,,0.0,0,,0.0,0,
Joel Ward,Crystal Palace,DEF,45.0,0.0,1.1075983009184225,0.9026437082516228,0.0,25.0,0.0,0,,25,2024-08-29 14:30:28.947300,0.0,0,,0.0,0,,0.0,0,
Joelinton Cássio Apolinário de Lira,Newcastle,MID,60.0,1.0,2.6060001382848763,2.689681745619102,1.0,25.0,0.0,0,,25,2024-08-29 14:30:28.947300,0.0,0,,0.0,0,,0.0,0,
John McGinn,Aston Villa,MID,55.0,3.0,2.9185494038349264,3.1171288133090114,2.0,25.0,0.0,0,,25,2024-08-29 14:30:28.947300,0.0,0,,0.0,0,,0.0,0,
John Ruddy,Newcastle,GK,40.0,0.0,0.33358705975262,0.4244786850751085,0.0,25.0,0.0,0,,25,2024-08-29 14:30:28.947300,0.0,0,,0.0,0,,0.0,0,
John Stones,Manchester City,DEF,55.0,1.0,2.1230263498868003,1.9695611240398692,0.0,25.0,0.0,0,,25,2024-08-29 14:30:28.947300,0.0,0,,0.0,0,,0.0,0,
Jonathan Panzo,Nottingham,DEF,40.0,0.0,0.3192268438666069,0.3864702533474781,0.0,25.0,0.0,0,,25,2024-08-29 14:30:28.947300,0.0,0,,0.0,0,,0.0,0,
Jonny Evans,Manchester Utd,DEF,45.0,0.0,1.6749278832574708,1.5987808025812074,1.0,25.0,0.0,0,,25,2024-08-29 14:30:28.947300,0.0,0,,0.0,0,,0.0,0,
Jordan Ayew,Leicester,MID,55.0,1.0,0.2924494270565466,1.3211754923062524,1.0,25.0,0.0,0,,25,2024-08-29 14:30:28.947300,0.0,0,,0.0,0,,0.0,0,
Jordan Pickford,Everton,GK,50.0,1.0,3.0443647000776646,3.1235636271730605,2.0,25.0,0.0,0,,25,2024-08-29 14:30:28.947300,0.0,0,,0.0,0,,0.0,0,
Jorge Cuenca Barreno,Fulham,DEF,45.0,0.0,0.33358705975262,0.4059561166342566,0.0,25.0,0.0,0,,25,2024-08-29 14:30:28.947300,0.0,0,,0.0,0,,0.0,0,
Jorge Luiz Frello Filho,Arsenal,MID,50.0,0.0,1.1093512193663528,1.1246811918563464,1.0,25.0,0.0,0,,25,2024-08-29 14:30:28.947300,0.0,0,,0.0,0,,0.0,0,
Josh Bowler,Nottingham,MID,45.0,0.0,0.3192268438666069,0.3770177193490606,0.0,25.0,0.0,0,,25,2024-08-29 14:30:28.947300,0.0,0,,0.0,0,,0.0,0,
Josh Dasilva,Brentford,MID,50.0,0.0,0.3176594332797127,0.3250596763586518,0.0,25.0,0.0,0,,25,2024-08-29 14:30:28.947300,0.0,0,,0.0,0,,0.0,0,
Josh King,Fulham,MID,45.0,0.0,0.33358705975262,0.3901029155160281,0.0,25.0,0.0,0,,25,2024-08-29 14:30:28.947300,0.0,0,,0.0,0,,0.0,0,
Joshua Zirkzee,Manchester Utd,FWD,71.0,1.0,3.106049828196646,2.4422927038986435,1.0,25.0,0.0,0,,25,2024-08-29 14:30:28.947300,0.0,0,,0.0,0,,0.0,0,
José Malheiro de Sá,Wolves,GK,45.0,-1.0,2.6284016435847755,2.29544821156847,2.0,25.0,0.0,0,,25,2024-08-29 14:30:28.947300,0.0,0,,0.0,0,,0.0,0,
João Cavaco Cancelo,Manchester City,DEF,54.0,0.0,0.33358705975262,0.5114799211065688,0.0,25.0,0.0,0,,25,2024-08-29 14:30:28.947300,0.0,0,,0.0,0,,0.0,0,
João Félix Sequeira,Chelsea,MID,65.0,6.0,0.95997761199055,1.3673631614681785,6.0,25.0,0.0,0,,25,2024-08-29 14:30:28.947300,0.0,0,,0.0,0,,1.0,0,1.0
João Neves Virgínia,Everton,GK,40.0,0.0,0.3192268438666069,0.7277918184291485,0.0,25.0,0.0,0,,25,2024-08-29 14:30:28.947300,0.0,0,,0.0,0,,0.0,0,
João Pedro Ferreira Silva,Nottingham,MID,60.0,1.0,1.005397399333941,1.0943723339617086,0.0,25.0,0.0,0,,25,2024-08-29 14:30:28.947300,0.0,0,,0.0,0,,0.0,0,
João Pedro Junqueira de Jesus,Brighton,FWD,55.0,8.0,3.200030016371011,3.4388334735309765,2.0,25.0,0.0,0,,25,2024-08-29 14:30:28.947300,0.0,0,,0.0,0,,1.0,0,0.0
João Victor Gomes da Silva,Wolves,MID,50.0,2.0,2.0559083732002317,2.2478389351324415,2.0,25.0,0.0,0,,25,2024-08-29 14:30:28.947300,0.0,0,,0.0,0,,0.0,0,
Joël Veltman,Brighton,DEF,45.0,2.0,2.6828542000290456,2.0910854154041334,1.0,25.0,0.0,0,,25,2024-08-29 14:30:28.947300,0.0,0,,0.0,0,,0.0,0,
Joško Gvardiol,Manchester City,DEF,60.0,2.0,5.17501215430922,5.402922190769693,2.0,25.0,0.0,0,,25,2024-08-29 14:30:28.947300,1.0,0,1.0,1.0,0,1.0,0.0,0,
Juan Larios López,Southampton,DEF,40.0,0.0,0.33358705975262,0.9065277892854537,0.0,25.0,0.0,0,,25,2024-08-29 14:30:28.947300,0.0,0,,0.0,0,,0.0,0,
Julio Enciso,Brighton,MID,54.0,1.0,1.3695257289512952,1.168565338221829,0.0,25.0,0.0,0,,25,2024-08-29 14:30:28.947300,0.0,0,,0.0,0,,0.0,0,
Julián Araujo Zúñiga,Bournemouth,DEF,45.0,2.0,1.648785139200938,1.815657591564807,1.0,25.0,0.0,0,,25,2024-08-29 14:30:28.947300,0.0,0,,0.0,0,,0.0,0,
Julián Álvarez,Manchester City,FWD,70.0,0.0,1.687691526361125,1.7562868572645052,2.0,25.0,0.0,0,,25,2024-08-29 14:30:28.947300,0.0,0,,0.0,0,,0.0,0,
Jurriën Timber,Arsenal,DEF,55.0,6.0,2.246711423504646,1.9267979875180083,0.0,25.0,0.0,0,,25,2024-08-29 14:30:28.947300,0.0,0,,0.0,0,,0.0,0,
Justin Kluivert,Bournemouth,MID,54.0,3.0,3.0264638338516288,3.0461374674247916,2.0,25.0,0.0,0,,25,2024-08-29 14:30:28.947300,0.0,0,,0.0,0,,0.0,0,
Jérémy Doku,Manchester City,MID,65.0,2.0,3.217280436815209,2.8488645490442988,1.0,25.0,0.0,0,,25,2024-08-29 14:30:28.947300,0.0,0,,0.0,0,,0.0,0,
Jørgen Strand Larsen,Wolves,FWD,55.0,6.0,2.719518463170616,3.0047270416036045,2.0,25.0,0.0,0,,25,2024-08-29 14:30:28.947300,0.0,0,,0.0,0,,0.0,0,
Kacper Kozłowski,Brighton,MID,45.0,0.0,0.3192268438666069,0.3260765941488744,0.0,25.0,0.0,0,,25,2024-08-29 14:30:28.947300,0.0,0,,0.0,0,,0.0,0,
Kai Havertz,Arsenal,FWD,81.0,2.0,5.408613961104266,3.9424632336169725,3.0,25.0,0.0,0,,25,2024-08-29 14:30:28.947300,1.0,1,1.0,0.0,0,,0.0,0,
Kaine Kesler-Hayden,Aston Villa,DEF,40.0,0.0,0.4754946476694273,0.4288055644060217,0.0,25.0,0.0,0,,25,2024-08-29 14:30:28.947300,0.0,0,,0.0,0,,0.0,0,
Kalvin Phillips,Ipswich,MID,50.0,0.0,0.33358705975262,0.9502907429164884,0.0,25.0,0.0,0,,25,2024-08-29 14:30:28.947300,0.0,0,,0.0,0,,0.0,0,
Kamaldeen Sulemana,Southampton,MID,50.0,0.0,0.33358705975262,0.9502907429164884,0.0,25.0,0.0,0,,25,2024-08-29 14:30:28.947300,0.0,0,,0.0,0,,0.0,0,
Karl Hein,Arsenal,GK,40.0,0.0,0.3192268438666069,0.48740537603874157,0.0,25.0,0.0,0,,25,2024-08-29 14:30:28.947300,0.0,0,,0.0,0,,0.0,0,
Kasey McAteer,Leicester,MID,50.0,1.0,1.8488002665997638,2.698034118075626,1.0,25.0,0.0,0,,25,2024-08-29 14:30:28.947300,0.0,0,,0.0,0,,0.0,0,
Keane Lewis-Potter,Brentford,MID,50.0,2.0,2.600866965874254,2.2145102455306676,1.0,25.0,0.0,0,,25,2024-08-29 14:30:28.947300,0.0,0,,0.0,0,,0.0,0,
Kenny Tete,Fulham,DEF,45.0,2.0,1.5311193366349256,1.9671441862901795,0.0,25.0,0.0,0,,25,2024-08-29 14:30:28.947300,0.0,0,,0.0,0,,0.0,0,
Kepa Arrizabalaga,Chelsea,GK,45.0,0.0,0.3192268438666069,0.43245029729536244,0.0,25.0,0.0,0,,25,2024-08-29 14:30:28.947300,0.0,0,,0.0,0,,0.0,0,
Kevin De Bruyne,Manchester City,MID,95.0,12.0,4.105505759989978,5.5543114427066484,0.0,25.0,0.0,0,,25,2024-08-29 14:30:28.947300,0.0,0,,0.0,0,,0.0,0,
Kevin Mbabu,Fulham,DEF,40.0,0.0,0.3192268438666069,0.3930936915711317,0.0,25.0,0.0,0,,25,2024-08-29 14:30:28.947300,0.0,0,,0.0,0,,0.0,0,
Kevin Schade,Brentford,MID,55.0,1.0,1.7894454297585638,1.6727126492179425,0.0,25.0,0.0,0,,25,2024-08-29 14:30:28.947300,0.0,0,,0.0,0,,0.0,0,
Ki-Jana Hoever,Wolves,DEF,40.0,0.0,0.3192268438666069,0.342077938750435,0.0,25.0,0.0,0,,25,2024-08-29 14:30:28.947300,0.0,0,,0.0,0,,0.0,0,
Kieran Tierney,Arsenal,DEF,45.0,0.0,0.3192268438666069,0.48043508211174185,0.0,25.0,0.0,0,,25,2024-08-29 14:30:28.947300,0.0,0,,0.0,0,,0.0,0,
Kieran Trippier,Newcastle,DEF,59.0,1.0,2.767966835823905,2.3109387414594584,1.0,25.0,0.0,0,,25,2024-08-29 14:30:28.947300,0.0,0,,0.0,0,,0.0,0,
Kiernan Dewsbury-Hall,Chelsea,MID,60.0,1.0,1.8488002665997638,2.2725397265056504,1.0,25.0,0.0,0,,25,2024-08-29 14:30:28.947300,0.0,0,,0.0,0,,0.0,0,
Kim Ji-soo,Brentford,DEF,40.0,0.0,0.33358705975262,0.33375617225133275,0.0,25.0,0.0,0,,25,2024-08-29 14:30:28.947300,0.0,0,,0.0,0,,0.0,0,
Kobbie Mainoo,Manchester Utd,MID,55.0,1.0,2.6822268129612827,3.0872978774605526,2.0,25.0,0.0,0,,25,2024-08-29 14:30:28.947300,0.0,0,,0.0,0,,0.0,0,
Konstantinos Mavropanos,West Ham,DEF,45.0,8.0,3.017716070654536,2.5684449237580522,0.0,25.0,0.0,0,,25,2024-08-29 14:30:28.947300,0.0,0,,0.0,0,,0.0,0,
Konstantinos Tsimikas,Liverpool,DEF,49.0,0.0,0.9952112676300158,1.0730770067419626,0.0,25.0,0.0,0,,25,2024-08-29 14:30:28.947300,0.0,0,,0.0,0,,0.0,0,
Kortney Hause,Aston Villa,DEF,40.0,0.0,0.3192268438666069,0.3555805276021739,0.0,25.0,0.0,0,,25,2024-08-29 14:30:28.947300,0.0,0,,0.0,0,,0.0,0,
Kosta Nedeljković,Aston Villa,DEF,40.0,1.0,1.8488002665997638,1.9548585931063924,1.0,25.0,0.0,0,,25,2024-08-29 14:30:28.947300,0.0,0,,0.0,0,,0.0,0,
Kristoffer Ajer,Brentford,DEF,45.0,1.0,2.810225705258825,2.3400022426521327,1.0,25.0,0.0,0,,25,2024-08-29 14:30:28.947300,0.0,0,,0.0,0,,0.0,0,
Kurt Zouma,West Ham,DEF,45.0,0.0,1.4898138617491876,1.401368869769596,1.0,25.0,0.0,0,,25,2024-08-29 14:30:28.947300,0.0,0,,0.0,0,,0.0,0,
Kyle Walker,Manchester City,DEF,55.0,0.0,2.0656524733817094,1.8573484503898807,2.0,25.0,0.0,0,,25,2024-08-29 14:30:28.947300,0.0,0,,0.0,0,,0.0,0,
Kyle Walker-Peters,Southampton,DEF,45.0,2.0,2.941708082252508,3.185085698667953,2.0,25.0,0.0,0,,25,2024-08-29 14:30:28.947300,0.0,0,,0.0,0,,1.0,0,1.0
Lamare Bogarde,Aston Villa,DEF,40.0,0.0,0.33358705975262,0.36137463171870365,0.0,25.0,0.0,0,,25,2024-08-29 14:30:28.947300,0.0,0,,0.0,0,,0.0,0,
Leander Dendoncker,Aston Villa,MID,45.0,0.0,0.5237085630794203,0.5007742406917909,0.0,25.0,0.0,0,,25,2024-08-29 14:30:28.947300,0.0,0,,0.0,0,,0.0,0,
Leandro Trossard,Arsenal,MID,69.0,7.0,3.990837424800787,4.986402267318402,2.0,25.0,0.0,0,,25,2024-08-29 14:30:28.947300,0.0,0,,0.0,0,,0.0,0,
Leif Davis,Ipswich,DEF,45.0,0.0,1.0621625833065385,2.3684757909109817,0.0,25.0,0.0,0,,25,2024-08-29 14:30:28.947300,0.0,0,,0.0,0,,0.0,0,
Leny Yoro,Manchester Utd,DEF,44.0,0.0,0.33358705975262,0.3820167037971992,0.0,25.0,0.0,0,,25,2024-08-29 14:30:28.947300,0.0,0,,0.0,0,,0.0,0,
Leon Bailey,Aston Villa,MID,65.0,2.0,2.9485696261422363,3.6699947802989126,2.0,25.0,0.0,0,,25,2024-08-29 14:30:28.947300,0.0,0,,0.0,0,,0.0,0,
Leon Chiwome,Wolves,FWD,45.0,0.0,0.4420614405876903,0.4691224167301651,0.0,25.0,0.0,0,,25,2024-08-29 14:30:28.947300,0.0,0,,0.0,0,,0.0,0,
Lesley Ugochukwu,Southampton,MID,45.0,0.0,0.16649832554656965,1.2501275873066888,0.0,25.0,0.0,0,,25,2024-08-29 14:30:28.947300,0.0,0,,0.0,0,,0.0,0,
Levi Colwill,Chelsea,DEF,45.0,1.0,1.8620132273632617,2.0036340917400874,1.0,25.0,0.0,0,,25,2024-08-29 14:30:28.947300,0.0,0,,0.0,0,,0.0,0,
Lewis Cook,Bournemouth,MID,50.0,2.0,2.3470522495596224,2.3777939615563493,2.0,25.0,0.0,0,,25,2024-08-29 14:30:28.947300,0.0,0,,0.0,0,,0.0,0,
Lewis Dobbin,Aston Villa,MID,50.0,0.0,0.33358705975262,0.33803195771876515,0.0,25.0,0.0,0,,25,2024-08-29 14:30:28.947300,0.0,0,,0.0,0,,0.0,0,
Lewis Dunk,Brighton,DEF,45.0,2.0,3.3499377891355433,2.7815752921967736,1.0,25.0,0.0,0,,25,2024-08-29 14:30:28.947300,0.0,0,,0.0,0,,0.0,0,
Lewis Hall,Newcastle,DEF,45.0,1.0,2.6908026809383467,2.514555716625192,0.0,25.0,0.0,0,,25,2024-08-29 14:30:28.947300,0.0,0,,0.0,0,,0.0,0,
Lewis Miley,Newcastle,MID,50.0,0.0,0.5146403442294507,0.4711086654426692,0.0,25.0,0.0,0,,25,2024-08-29 14:30:28.947300,0.0,0,,0.0,0,,0.0,0,
Lewis O'Brien,Nottingham,MID,50.0,0.0,0.3192268438666069,0.3770177193490606,0.0,25.0,0.0,0,,25,2024-08-29 14:30:28.947300,0.0,0,,0.0,0,,0.0,0,
Liam Delap,Ipswich,FWD,55.0,2.0,2.941708082252508,2.7318678026144547,2.0,25.0,0.0,0,,25,2024-08-29 14:30:28.947300,0.0,0,,0.0,0,,0.0,0,
Lino da Cruz Sousa,Aston Villa,DEF,40.0,0.0,0.33358705975262,0.36137463171870365,0.0,25.0,0.0,0,,25,2024-08-29 14:30:28.947300,0.0,0,,0.0,0,,0.0,0,
Lisandro Martínez,Manchester Utd,DEF,45.0,1.0,2.0825193000779048,2.1118919127260174,0.0,25.0,0.0,0,,25,2024-08-29 14:30:28.947300,0.0,0,,0.0,0,,0.0,0,
Lloyd Kelly,Newcastle,DEF,45.0,2.0,1.648785139200938,2.1918811576276283,1.0,25.0,0.0,0,,25,2024-08-29 14:30:28.947300,0.0,0,,0.0,0,,0.0,0,
Lucas Bergström,Chelsea,GK,40.0,0.0,0.3192268438666069,0.43245029729536244,0.0,25.0,0.0,0,,25,2024-08-29 14:30:28.947300,0.0,0,,0.0,0,,0.0,0,
Lucas Bergvall,Tottenham,MID,45.0,1.0,1.8488002665997638,1.6494650008391103,1.0,25.0,0.0,0,,25,2024-08-29 14:30:28.947300,0.0,0,,0.0,0,,0.0,0,
Lucas Digne,Aston Villa,DEF,45.0,2.0,2.6580346272742443,2.4914887870246276,1.0,25.0,0.0,0,,25,2024-08-29 14:30:28.947300,0.0,0,,0.0,0,,0.0,0,
Lucas Tolentino Coelho de Lima,West Ham,MID,60.0,3.0,3.463830321677158,3.1551212589201714,2.0,25.0,0.0,0,,25,2024-08-29 14:30:28.947300,0.0,0,,0.0,0,,0.0,0,
Luis Guilherme Lira dos Santos,West Ham,MID,50.0,0.0,0.33358705975262,0.382528682712642,0.0,25.0,0.0,0,,25,2024-08-29 14:30:28.947300,0.0,0,,0.0,0,,0.0,0,
Luis Sinisterra,Bournemouth,MID,50.0,1.0,1.6624923435734624,1.7180663660907236,1.0,25.0,0.0,0,,25,2024-08-29 14:30:28.947300,0.0,0,,0.0,0,,0.0,0,
Luke Cundle,Wolves,MID,45.0,0.0,0.3192268438666069,0.33071868149329003,0.0,25.0,0.0,0,,25,2024-08-29 14:30:28.947300,0.0,0,,0.0,0,,0.0,0,
Luke Harris,Fulham,MID,45.0,0.0,0.378505325767717,0.39733469408513455,0.0,25.0,0.0,0,,25,2024-08-29 14:30:28.947300,0.0,0,,0.0,0,,0.0,0,
Luke Shaw,Manchester Utd,DEF,49.0,0.0,0.6460262560856068,0.5390669153725777,0.0,25.0,0.0,0,,25,2024-08-29 14:30:28.947300,0.0,0,,0.0,0,,0.0,0,
Luke Thomas,Leicester,DEF,40.0,0.0,0.33358705975262,0.9065277892854537,0.0,25.0,0.0,0,,25,2024-08-29 14:30:28.947300,0.0,0,,0.0,0,,0.0,0,
Luke Woolfenden,Ipswich,DEF,40.0,0.0,0.33358705975262,0.9065277892854537,0.0,25.0,0.0,0,,25,2024-08-29 14:30:28.947300,0.0,0,,0.0,0,,0.0,0,
Mads Hermansen,Leicester,GK,45.0,2.0,3.038714262848006,4.786902623973389,2.0,25.0,0.0,0,,25,2024-08-29 14:30:28.947300,0.0,0,,1.0,0,1.0,1.0,0,0.0
Mads Roerslev Rasmussen,Brentford,DEF,45.0,1.0,2.1836920969273073,2.0238255635456457,1.0,25.0,0.0,0,,25,2024-08-29 14:30:28.947300,0.0,0,,0.0,0,,0.0,0,
Mahmoud Dahoud,Brighton,MID,50.0,0.0,0.49802115408820763,0.43470947368354457,0.0,25.0,0.0,0,,25,2024-08-29 14:30:28.947300,0.0,0,,0.0,0,,0.0,0,
Malang Sarr,Chelsea,DEF,45.0,0.0,0.3192268438666069,0.42641833439785287,0.0,25.0,0.0,0,,25,2024-08-29 14:30:28.947300,0.0,0,,0.0,0,,0.0,0,
Malcolm Ebiowei,Crystal Palace,MID,45.0,0.0,0.3192268438666069,0.3611125205302891,0.0,25.0,0.0,0,,25,2024-08-29 14:30:28.947300,0.0,0,,0.0,0,,0.0,0,
Malo Gusto,Chelsea,DEF,50.0,0.0,1.9057005325438738,2.302431273340955,1.0,25.0,0.0,0,,25,2024-08-29 14:30:28.947300,0.0,0,,0.0,0,,0.0,0,
Manor Solomon,Tottenham,MID,55.0,0.0,0.5277958683272967,0.5204394545433039,0.0,25.0,0.0,0,,25,2024-08-29 14:30:28.947300,0.0,0,,0.0,0,,0.0,0,
Manuel Akanji,Manchester City,DEF,55.0,2.0,3.3728834512954795,2.8214035514591607,2.0,25.0,0.0,0,,25,2024-08-29 14:30:28.947300,0.0,0,,0.0,0,,0.0,0,
Marc Cucurella Saseta,Chelsea,DEF,50.0,0.0,2.531855393695014,2.0191346237630214,0.0,25.0,0.0,0,,25,2024-08-29 14:30:28.947300,0.0,0,,0.0,0,,0.0,0,
Marc Guiu Paz,Chelsea,FWD,50.0,0.0,1.0621625833065385,1.6633121145447332,0.0,25.0,0.0,0,,25,2024-08-29 14:30:28.947300,0.0,0,,0.0,0,,0.0,0,
Marc Guéhi,Crystal Palace,DEF,45.0,1.0,2.0591052595276516,2.1611247021324087,1.0,25.0,0.0,0,,25,2024-08-29 14:30:28.947300,0.0,0,,0.0,0,,0.0,0,
Marcos Senesi,Bournemouth,DEF,50.0,1.0,2.5980510523211144,2.456633218571889,1.0,25.0,0.0,0,,25,2024-08-29 14:30:28.947300,0.0,0,,0.0,0,,0.0,0,
Marcus Bettinelli,Chelsea,GK,40.0,0.0,0.4438412968449505,0.5354020596880448,0.0,25.0,0.0,0,,25,2024-08-29 14:30:28.947300,0.0,0,,0.0,0,,0.0,0,
Marcus Myers-Harness,Ipswich,MID,50.0,1.0,1.8488002665997638,2.698034118075626,1.0,25.0,0.0,0,,25,2024-08-29 14:30:28.947300,0.0,0,,0.0,0,,0.0,0,
Marcus Rashford,Manchester Utd,MID,70.0,2.0,2.8090459828647587,3.0823390844467475,2.0,25.0,0.0,0,,25,2024-08-29 14:30:28.947300,0.0,0,,0.0,0,,0.0,0,
Marcus Tavernier,Bournemouth,MID,55.0,9.0,2.8727353754272698,2.6717387463333613,2.0,25.0,0.0,0,,25,2024-08-29 14:30:28.947300,0.0,0,,0.0,0,,0.0,0,
Mario Lemina,Wolves,MID,50.0,2.0,3.0315841606853495,2.7466035009209557,2.0,25.0,0.0,0,,25,2024-08-29 14:30:28.947300,0.0,0,,0.0,0,,0.0,0,
Mark Flekken,Brentford,GK,45.0,3.0,4.093471660526295,2.9274847590491055,2.0,25.0,0.0,0,,25,2024-08-29 14:30:28.947300,1.0,0,0.0,0.0,0,,0.0,0,
Mark O’Mahony,Brighton,FWD,45.0,0.0,0.3834942712464097,0.38894405151441236,0.0,25.0,0.0,0,,25,2024-08-29 14:30:28.947300,0.0,0,,0.0,0,,0.0,0,
Mark Travers,Bournemouth,GK,45.0,0.0,1.2210314443851165,1.2018142438497008,0.0,25.0,0.0,0,,25,2024-08-29 14:30:28.947300,0.0,0,,0.0,0,,0.0,0,
Martial Godo,Fulham,MID,45.0,0.0,0.33358705975262,0.3901029155160281,0.0,25.0,0.0,0,,25,2024-08-29 14:30:28.947300,0.0,0,,0.0,0,,0.0,0,
Martin Dúbravka,Newcastle,GK,44.0,0.0,0.33358705975262,0.4244786850751085,0.0,25.0,0.0,0,,25,2024-08-29 14:30:28.947300,0.0,0,,0.0,0,,0.0,0,
Martin Ødegaard,Arsenal,MID,85.0,2.0,4.242426354396373,5.764548713640915,3.0,25.0,0.0,0,,25,2024-08-29 14:30:28.947300,0.0,0,,1.0,0,1.0,0.0,0,
Mason Holgate,Everton,DEF,40.0,0.0,0.6964704315325063,1.31252866363843,0.0,25.0,0.0,0,,25,2024-08-29 14:30:28.947300,0.0,0,,0.0,0,,0.0,0,
Mason Mount,Manchester Utd,MID,65.0,1.0,1.5854814098905685,1.6421336052594107,0.0,25.0,0.0,0,,25,2024-08-29 14:30:28.947300,0.0,0,,0.0,0,,0.0,0,
Massimo Luongo,Ipswich,MID,45.0,2.0,2.941708082252508,3.106821065120178,2.0,25.0,0.0,0,,25,2024-08-29 14:30:28.947300,0.0,0,,0.0,0,,0.0,0,
Mateo Kovačić,Manchester City,MID,55.0,1.0,2.4150297254154465,2.611649541007296,1.0,25.0,0.0,0,,25,2024-08-29 14:30:28.947300,0.0,0,,0.0,0,,0.0,0,
Mateus Gonçalo Espanha Fernandes,Southampton,MID,50.0,1.0,0.2924494270565466,1.3211754923062524,1.0,25.0,0.0,0,,25,2024-08-29 14:30:28.947300,0.0,0,,0.0,0,,0.0,0,
Mateusz Lis,Southampton,GK,40.0,0.0,0.33358705975262,0.8804510510332925,0.0,25.0,0.0,0,,25,2024-08-29 14:30:28.947300,0.0,0,,0.0,0,,0.0,0,
Matheus França de Oliveira,Crystal Palace,MID,45.0,0.0,0.47150244097080257,0.42150736894684665,0.0,25.0,0.0,0,,25,2024-08-29 14:30:28.947300,0.0,0,,0.0,0,,0.0,0,
Matheus Luiz Nunes,Manchester City,MID,50.0,1.0,1.1159422454618777,1.3484182643741367,0.0,25.0,0.0,0,,25,2024-08-29 14:30:28.947300,0.0,0,,0.0,0,,0.0,0,
Matheus Santos Carneiro Da Cunha,Wolves,FWD,65.0,6.0,3.2604143804528825,3.291145415724821,2.0,25.0,0.0,0,,25,2024-08-29 14:30:28.947300,0.0,0,,0.0,0,,0.0,0,
Mathias Jensen,Brentford,MID,55.0,1.0,2.6032343888134992,2.3182347157392633,2.0,25.0,0.0,0,,25,2024-08-29 14:30:28.947300,0.0,0,,0.0,0,,0.0,0,
Mathias Jorgensen,Brentford,DEF,45.0,0.0,1.1882874526492284,0.9536571369248157,0.0,25.0,0.0,0,,25,2024-08-29 14:30:28.947300,0.0,0,,0.0,0,,0.0,0,
Mats Wieffer,Brighton,MID,50.0,0.0,2.718183155124346,2.532019266934992,0.0,25.0,0.0,0,,25,2024-08-29 14:30:28.947300,0.0,0,,0.0,0,,0.0,0,
Matt Doherty,Wolves,DEF,45.0,-1.0,1.3873354873652812,1.2763891936150802,1.0,25.0,0.0,0,,25,2024-08-29 14:30:28.947300,0.0,0,,0.0,0,,0.0,0,
Matt Targett,Newcastle,DEF,40.0,0.0,0.3192268438666069,0.4093899007361911,0.0,25.0,0.0,0,,25,2024-08-29 14:30:28.947300,0.0,0,,0.0,0,,0.0,0,
Matt Turner,Nottingham,GK,40.0,0.0,0.4344397282341726,0.609825881515504,0.0,25.0,0.0,0,,25,2024-08-29 14:30:28.947300,0.0,0,,0.0,0,,0.0,0,
Matthijs de Ligt,Manchester Utd,DEF,50.0,1.0,1.8488002665997638,2.424918983842178,1.0,25.0,0.0,0,,25,2024-08-29 14:30:28.947300,0.0,0,,0.0,0,,0.0,0,
Matty Cash,Aston Villa,DEF,45.0,1.0,1.7055712533539988,1.8640476759759659,1.0,25.0,0.0,0,,25,2024-08-29 14:30:28.947300,0.0,0,,0.0,0,,0.0,0,
Max Aarons,Bournemouth,DEF,45.0,0.0,0.7837408947330807,0.668743659065373,0.0,25.0,0.0,0,,25,2024-08-29 14:30:28.947300,0.0,0,,0.0,0,,0.0,0,
Maxwel Cornet,West Ham,MID,50.0,0.0,0.455468683947386,0.5212768398928106,0.0,25.0,0.0,0,,25,2024-08-29 14:30:28.947300,0.0,0,,0.0,0,,0.0,0,
Michael Golding,Leicester,MID,45.0,0.0,0.33358705975262,0.9502907429164884,0.0,25.0,0.0,0,,25,2024-08-29 14:30:28.947300,0.0,0,,0.0,0,,0.0,0,
Michael Keane,Everton,DEF,40.0,0.0,1.0807649353706188,1.2892913392819136,0.0,25.0,0.0,0,,25,2024-08-29 14:30:28.947300,0.0,0,,0.0,0,,0.0,0,
Michail Antonio,West Ham,FWD,55.0,2.0,2.8521615918255327,3.01444730485712,1.0,25.0,0.0,0,,25,2024-08-29 14:30:28.947300,0.0,0,,0.0,0,,0.0,0,
Miguel Almirón Rejala,Newcastle,MID,59.0,1.0,1.9645748372406728,1.8755396449687554,1.0,25.0,0.0,0,,25,2024-08-29 14:30:28.947300,0.0,0,,0.0,0,,0.0,0,
Mikey Moore,Tottenham,MID,45.0,0.0,0.5777512272316159,0.6712707496512894,0.0,25.0,0.0,0,,25,2024-08-29 14:30:28.947300,0.0,0,,0.0,0,,0.0,0,
Mikkel Damsgaard,Brentford,MID,50.0,1.0,1.9521262146987783,1.908512467646604,1.0,25.0,0.0,0,,25,2024-08-29 14:30:28.947300,0.0,0,,0.0,0,,0.0,0,
Milos Kerkez,Bournemouth,DEF,45.0,2.0,2.260387818883725,2.140556487224185,1.0,25.0,0.0,0,,25,2024-08-29 14:30:28.947300,0.0,0,,0.0,0,,0.0,0,
Miodrag Pivaš,Newcastle,DEF,40.0,0.0,0.33358705975262,0.41813394516776886,0.0,25.0,0.0,0,,25,2024-08-29 14:30:28.947300,0.0,0,,0.0,0,,0.0,0,
Mitoma Kaoru,Brighton,MID,65.0,6.0,3.3102565715725887,3.3808037747778963,6.0,25.0,0.0,0,,25,2024-08-29 14:30:28.947300,0.0,0,,0.0,0,,1.0,0,1.0
Mohamed Salah,Liverpool,MID,125.0,10.0,5.224006281433355,4.752882861865037,5.0,25.0,0.0,0,,25,2024-08-29 14:30:28.947300,1.0,0,1.0,0.0,0,,0.0,0,
Mohammed Kudus,West Ham,MID,65.0,3.0,3.9492362432123724,3.7620668169428844,2.0,25.0,0.0,0,,25,2024-08-29 14:30:28.947300,0.0,0,,0.0,0,,0.0,0,
Moisés Caicedo Corozo,Chelsea,MID,50.0,2.0,3.273670688315463,3.6283643047516714,2.0,25.0,0.0,0,,25,2024-08-29 14:30:28.947300,0.0,0,,0.0,0,,0.0,0,
Morgan Gibbs-White,Nottingham,MID,65.0,10.0,3.9553125314928783,4.254051665782465,2.0,25.0,0.0,0,,25,2024-08-29 14:30:28.947300,0.0,0,,0.0,0,,0.0,0,
Morgan Rogers,Aston Villa,MID,50.0,2.0,3.1052523761173143,2.879472470850173,1.0,25.0,0.0,0,,25,2024-08-29 14:30:28.947300,0.0,0,,0.0,0,,0.0,0,
Moussa Diaby,Aston Villa,MID,65.0,0.0,1.7575705580173226,1.6458112485876135,2.0,25.0,0.0,0,,25,2024-08-29 14:30:28.947300,0.0,0,,0.0,0,,0.0,0,
Murillo Santiago Costa dos Santos,Nottingham,DEF,45.0,7.0,2.7052558848626536,2.8167554122005107,1.0,25.0,0.0,0,,25,2024-08-29 14:30:28.947300,0.0,0,,0.0,0,,0.0,0,
Mykhailo Mudryk,Chelsea,MID,65.0,1.0,2.4414168282082276,2.7675701543174074,1.0,25.0,0.0,0,,25,2024-08-29 14:30:28.947300,0.0,0,,0.0,0,,0.0,0,
Myles Lewis-Skelly,Arsenal,MID,45.0,0.0,0.3192268438666069,0.4471413954662168,0.0,25.0,0.0,0,,25,2024-08-29 14:30:28.947300,0.0,0,,0.0,0,,0.0,0,
Myles Peart-Harris,Brentford,MID,45.0,0.0,0.3192268438666069,0.3260537137452985,0.0,25.0,0.0,0,,25,2024-08-29 14:30:28.947300,0.0,0,,0.0,0,,0.0,0,
Naouirou Ahamada,Crystal Palace,MID,45.0,0.0,0.4215880965609948,0.4526968248649885,0.0,25.0,0.0,0,,25,2024-08-29 14:30:28.947300,0.0,0,,0.0,0,,0.0,0,
Nathan Aké,Manchester City,DEF,55.0,0.0,1.5914139830270835,1.7528881768759104,1.0,25.0,0.0,0,,25,2024-08-29 14:30:28.947300,0.0,0,,0.0,0,,0.0,0,
Nathan Broadhead,Ipswich,MID,50.0,0.0,0.33358705975262,0.9502907429164884,0.0,25.0,0.0,0,,25,2024-08-29 14:30:28.947300,0.0,0,,0.0,0,,0.0,0,
Nathan Collins,Brentford,DEF,45.0,1.0,2.928677593628146,2.3470372527317327,1.0,25.0,0.0,0,,25,2024-08-29 14:30:28.947300,0.0,0,,0.0,0,,0.0,0,
Nathan Fraser,Wolves,FWD,45.0,0.0,0.5320407059674745,0.5172987538308904,0.0,25.0,0.0,0,,25,2024-08-29 14:30:28.947300,0.0,0,,0.0,0,,0.0,0,
Nathan Patterson,Everton,DEF,45.0,0.0,0.5226323965112663,0.9245689515739578,0.0,25.0,0.0,0,,25,2024-08-29 14:30:28.947300,0.0,0,,0.0,0,,0.0,0,
Nathan Wood-Gordon,Southampton,DEF,40.0,0.0,0.33358705975262,0.9065277892854537,0.0,25.0,0.0,0,,25,2024-08-29 14:30:28.947300,0.0,0,,0.0,0,,0.0,0,
Nathaniel Clyne,Crystal Palace,DEF,45.0,0.0,1.9155782012910205,1.8194399707894486,0.0,25.0,0.0,0,,25,2024-08-29 14:30:28.947300,0.0,0,,0.0,0,,0.0,0,
Nathaniel Phillips,Liverpool,DEF,40.0,0.0,0.3192268438666069,0.44252326527288977,0.0,25.0,0.0,0,,25,2024-08-29 14:30:28.947300,0.0,0,,0.0,0,,0.0,0,
Nayef Aguerd,West Ham,DEF,45.0,0.0,0.38238352799572267,0.49455205648584905,0.0,25.0,0.0,0,,25,2024-08-29 14:30:28.947300,0.0,0,,0.0,0,,0.0,0,
Neal Maupay,Everton,FWD,50.0,0.0,0.9669504978363129,1.0130466824497644,0.0,25.0,0.0,0,,25,2024-08-29 14:30:28.947300,0.0,0,,0.0,0,,0.0,0,
Neco Williams,Nottingham,DEF,45.0,6.0,2.1923695631062374,2.598735454596785,1.0,25.0,0.0,0,,25,2024-08-29 14:30:28.947300,0.0,0,,0.0,0,,0.0,0,
Nick Pope,Newcastle,GK,50.0,3.0,2.50749934436625,2.449912735673325,0.0,25.0,0.0,0,,25,2024-08-29 14:30:28.947300,0.0,0,,0.0,0,,0.0,0,
Niclas Füllkrug,West Ham,FWD,70.0,1.0,1.8488002665997638,2.102870447701078,1.0,25.0,0.0,0,,25,2024-08-29 14:30:28.947300,0.0,0,,0.0,0,,0.0,0,
Nico O'Reilly,Manchester City,MID,50.0,0.0,0.33358705975262,0.4719256600054658,0.0,25.0,0.0,0,,25,2024-08-29 14:30:28.947300,0.0,0,,0.0,0,,0.0,0,
Nicolás Domínguez,Nottingham,MID,50.0,0.0,1.2467592801898835,1.1055160850851837,1.0,25.0,0.0,0,,25,2024-08-29 14:30:28.947300,0.0,0,,0.0,0,,0.0,0,
Nikola Milenković,Nottingham,DEF,45.0,6.0,2.879136045859661,2.6927248529803514,0.0,25.0,0.0,0,,25,2024-08-29 14:30:28.947300,0.0,0,,0.0,0,,0.0,0,
Norberto Bercique Gomes Betuncal,Everton,FWD,50.0,1.0,1.8046752653876936,1.9877817550842805,1.0,25.0,0.0,0,,25,2024-08-29 14:30:28.947300,0.0,0,,0.0,0,,0.0,0,
Norberto Murara Neto,Bournemouth,GK,45.0,3.0,2.8471919440198348,2.7280815817523902,2.0,25.0,0.0,0,,25,2024-08-29 14:30:28.947300,0.0,0,,0.0,0,,0.0,0,
Noussair Mazraoui,Manchester Utd,DEF,45.0,4.0,4.887089004235003,3.1634641726939416,4.0,25.0,0.0,0,,25,2024-08-29 14:30:28.947300,1.0,0,1.0,0.0,0,,1.0,0,1.0
Nélson Cabral Semedo,Wolves,DEF,45.0,0.0,1.3895908659424385,1.0495067810849836,1.0,25.0,0.0,0,,25,2024-08-29 14:30:28.947300,0.0,0,,0.0,0,,0.0,0,
Odeluga Offiah,Brighton,DEF,40.0,0.0,0.6474284388310543,0.4907236392197407,0.0,25.0,0.0,0,,25,2024-08-29 14:30:28.947300,0.0,0,,0.0,0,,0.0,0,
Odsonne Edouard,Crystal Palace,FWD,55.0,2.0,2.571102485784429,2.7189883655767155,1.0,25.0,0.0,0,,25,2024-08-29 14:30:28.947300,0.0,0,,0.0,0,,0.0,0,
Odysseas Vlachodimos,Newcastle,GK,45.0,0.0,0.33358705975262,0.4244786850751085,0.0,25.0,0.0,0,,25,2024-08-29 14:30:28.947300,0.0,0,,0.0,0,,0.0,0,
Oleksandr Zinchenko,Arsenal,DEF,50.0,0.0,1.675616638246427,2.3963681141955138,1.0,25.0,0.0,0,,25,2024-08-29 14:30:28.947300,0.0,0,,0.0,0,,0.0,0,
Oliver Skipp,Leicester,MID,50.0,1.0,0.2924494270565466,1.3211754923062524,1.0,25.0,0.0,0,,25,2024-08-29 14:30:28.947300,0.0,0,,0.0,0,,0.0,0,
Ollie Watkins,Aston Villa,FWD,90.0,2.0,5.199472953301618,4.250712883644568,5.0,25.0,0.0,0,,25,2024-08-29 14:30:28.947300,0.0,0,,0.0,0,,1.0,0,1.0
Omar Richards,Nottingham,DEF,45.0,0.0,0.3192268438666069,0.3864702533474781,0.0,25.0,0.0,0,,25,2024-08-29 14:30:28.947300,0.0,0,,0.0,0,,0.0,0,
Omari Giraud-Hutchinson,Ipswich,MID,55.0,2.0,1.648785139200938,2.7619501382893357,1.0,25.0,0.0,0,,25,2024-08-29 14:30:28.947300,0.0,0,,0.0,0,,0.0,0,
Omari Kellyman,Chelsea,MID,45.0,0.0,0.33358705975262,0.3676500259172239,0.0,25.0,0.0,0,,25,2024-08-29 14:30:28.947300,0.0,0,,0.0,0,,0.0,0,
Oscar Bobb,Manchester City,MID,49.0,0.0,0.4628591871209554,0.5341491244210161,0.0,25.0,0.0,0,,25,2024-08-29 14:30:28.947300,0.0,0,,0.0,0,,0.0,0,
Pablo Sarabia,Wolves,MID,55.0,1.0,2.417590707872725,2.270002400762167,2.0,25.0,0.0,0,,25,2024-08-29 14:30:28.947300,0.0,0,,0.0,0,,0.0,0,
Pape Matar Sarr,Tottenham,MID,50.0,1.0,2.1268988149279964,2.2385912557590277,2.0,25.0,0.0,0,,25,2024-08-29 14:30:28.947300,0.0,0,,0.0,0,,0.0,0,
Pascal Groß,Brighton,MID,65.0,0.0,1.7904075204720393,1.512998999212539,2.0,25.0,0.0,0,,25,2024-08-29 14:30:28.947300,0.0,0,,0.0,0,,0.0,0,
Patson Daka,Leicester,FWD,50.0,0.0,0.33358705975262,0.4774767809547211,0.0,25.0,0.0,0,,25,2024-08-29 14:30:28.947300,0.0,0,,0.0,0,,0.0,0,
Pau Torres,Aston Villa,DEF,45.0,1.0,2.508874801326192,2.2987479946187817,1.0,25.0,0.0,0,,25,2024-08-29 14:30:28.947300,0.0,0,,0.0,0,,0.0,0,
Paul Onuachu,Southampton,FWD,50.0,0.0,0.33358705975262,0.4774767809547211,0.0,25.0,0.0,0,,25,2024-08-29 14:30:28.947300,0.0,0,,0.0,0,,0.0,0,
Pedro Cardoso de Lima,Wolves,DEF,40.0,0.0,0.33358705975262,0.34762860834137926,0.0,25.0,0.0,0,,25,2024-08-29 14:30:28.947300,0.0,0,,0.0,0,,0.0,0,
Pedro Lomba Neto,Chelsea,MID,65.0,4.0,1.5833751296320637,2.4654389037415037,1.0,25.0,0.0,0,,25,2024-08-29 14:30:28.947300,0.0,0,,0.0,0,,0.0,0,
Pedro Porro,Tottenham,DEF,55.0,6.0,4.6453963372941285,4.159064514662749,2.0,25.0,0.0,0,,25,2024-08-29 14:30:28.947300,1.0,0,1.0,1.0,0,1.0,0.0,0,
Pervis Estupiñán,Brighton,DEF,50.0,0.0,0.6184436597493367,0.5441274603221943,0.0,25.0,0.0,0,,25,2024-08-29 14:30:28.947300,0.0,0,,0.0,0,,0.0,0,
Phil Foden,Manchester City,MID,95.0,0.0,3.681715368193027,5.642545426048775,3.0,25.0,0.0,0,,25,2024-08-29 14:30:28.947300,0.0,0,,1.0,0,1.0,0.0,0,
Philip Billing,Bournemouth,MID,50.0,0.0,1.2296870767020176,1.1381519038974568,1.0,25.0,0.0,0,,25,2024-08-29 14:30:28.947300,0.0,0,,0.0,0,,0.0,0,
Pierre-Emile Højbjerg,Tottenham,MID,50.0,0.0,1.208721212153227,1.099848345777754,1.0,25.0,0.0,0,,25,2024-08-29 14:30:28.947300,0.0,0,,0.0,0,,0.0,0,
Radu Drăgușin,Tottenham,DEF,45.0,0.0,0.33358705975262,0.41016012815156333,0.0,25.0,0.0,0,,25,2024-08-29 14:30:28.947300,0.0,0,,0.0,0,,0.0,0,
Raheem Sterling,Chelsea,MID,69.0,0.0,2.85006908161773,3.1318053301383384,2.0,25.0,0.0,0,,25,2024-08-29 14:30:28.947300,0.0,0,,0.0,0,,0.0,0,
Ramón Sosa,Nottingham,MID,55.0,0.0,0.16649832554656965,0.568983042458097,0.0,25.0,0.0,0,,25,2024-08-29 14:30:28.947300,0.0,0,,0.0,0,,0.0,0,
Rasmus Højlund,Manchester Utd,FWD,70.0,0.0,1.671782574552862,2.927981118603482,2.0,25.0,0.0,0,,25,2024-08-29 14:30:28.947300,0.0,0,,0.0,0,,0.0,0,
Rayan Aït-Nouri,Wolves,DEF,45.0,2.0,2.773787269473844,2.402150695279728,1.0,25.0,0.0,0,,25,2024-08-29 14:30:28.947300,0.0,0,,0.0,0,,0.0,0,
Raúl Jiménez,Fulham,FWD,55.0,1.0,2.523051319174638,2.3444239128318816,1.0,25.0,0.0,0,,25,2024-08-29 14:30:28.947300,0.0,0,,0.0,0,,0.0,0,
Reece James,Chelsea,DEF,50.0,0.0,0.4845238332163383,0.6205976447102705,0.0,25.0,0.0,0,,25,2024-08-29 14:30:28.947300,0.0,0,,0.0,0,,0.0,0,
Reiss Nelson,Arsenal,MID,50.0,1.0,1.131670783930204,1.0580557810129945,0.0,25.0,0.0,0,,25,2024-08-29 14:30:28.947300,0.0,0,,0.0,0,,0.0,0,
Remi Matthews,Crystal Palace,GK,40.0,0.0,0.3192268438666069,0.45789467245185683,0.0,25.0,0.0,0,,25,2024-08-29 14:30:28.947300,0.0,0,,0.0,0,,0.0,0,
Renato Palma Veiga,Chelsea,MID,45.0,1.0,1.8488002665997638,2.2725397265056504,1.0,25.0,0.0,0,,25,2024-08-29 14:30:28.947300,0.0,0,,0.0,0,,0.0,0,
Rhys Williams,Liverpool,DEF,40.0,0.0,0.33358705975262,0.46441985083482024,0.0,25.0,0.0,0,,25,2024-08-29 14:30:28.947300,0.0,0,,0.0,0,,0.0,0,
Ricardo Barbosa Pereira,Leicester,DEF,45.0,0.0,0.33358705975262,0.9065277892854537,0.0,25.0,0.0,0,,25,2024-08-29 14:30:28.947300,0.0,0,,0.0,0,,0.0,0,
Riccardo Calafiori,Arsenal,DEF,59.0,1.0,1.005397399333941,1.8697802155942322,0.0,25.0,0.0,0,,25,2024-08-29 14:30:28.947300,0.0,0,,0.0,0,,0.0,0,
Richarlison de Andrade,Tottenham,FWD,70.0,1.0,2.7975240585951493,2.601283548640928,1.0,25.0,0.0,0,,25,2024-08-29 14:30:28.947300,0.0,0,,0.0,0,,0.0,0,
Rico Henry,Brentford,DEF,45.0,0.0,0.49802115408820763,0.4578785229048346,0.0,25.0,0.0,0,,25,2024-08-29 14:30:28.947300,0.0,0,,0.0,0,,0.0,0,
Rico Lewis,Manchester City,DEF,45.0,2.0,2.970219837054612,2.8795898994950417,0.0,25.0,0.0,0,,25,2024-08-29 14:30:28.947300,0.0,0,,0.0,0,,0.0,0,
Rob Holding,Crystal Palace,DEF,45.0,0.0,0.3192268438666069,0.36723599971809556,0.0,25.0,0.0,0,,25,2024-08-29 14:30:28.947300,0.0,0,,0.0,0,,0.0,0,
Robert Sánchez,Chelsea,GK,45.0,1.0,1.984695331026308,2.069345017893502,0.0,25.0,0.0,0,,25,2024-08-29 14:30:28.947300,0.0,0,,0.0,0,,0.0,0,
Robin Olsen,Aston Villa,GK,45.0,0.0,1.253424811160359,1.3533624341775952,0.0,25.0,0.0,0,,25,2024-08-29 14:30:28.947300,0.0,0,,0.0,0,,0.0,0,
Rodrigo 'Rodri' Hernandez,Manchester City,MID,64.0,0.0,0.33358705975262,0.4719256600054658,0.0,25.0,0.0,0,,25,2024-08-29 14:30:28.947300,0.0,0,,0.0,0,,0.0,0,
Rodrigo Bentancur,Tottenham,MID,50.0,0.0,1.3595679820046689,1.2219006011230051,1.0,25.0,0.0,0,,25,2024-08-29 14:30:28.947300,0.0,0,,0.0,0,,0.0,0,
Rodrigo Martins Gomes,Wolves,MID,55.0,1.0,2.3303344430148796,2.2149966949247433,1.0,25.0,0.0,0,,25,2024-08-29 14:30:28.947300,0.0,0,,0.0,0,,0.0,0,
Rodrigo Muniz Carvalho,Fulham,FWD,61.0,2.0,3.167748427787399,3.7291307607837423,1.0,25.0,0.0,0,,25,2024-08-29 14:30:28.947300,0.0,0,,0.0,0,,0.0,0,
Romain Faivre,Bournemouth,MID,50.0,0.0,0.5069805207918103,0.41422164470946143,0.0,25.0,0.0,0,,25,2024-08-29 14:30:28.947300,0.0,0,,0.0,0,,0.0,0,
Roman Dixon,Everton,DEF,40.0,0.0,0.16649832554656965,1.1959630885993506,0.0,25.0,0.0,0,,25,2024-08-29 14:30:28.947300,0.0,0,,0.0,0,,0.0,0,
Romelu Lukaku Bolingoli,Chelsea,FWD,64.0,0.0,0.3192268438666069,0.4314660415971025,0.0,25.0,0.0,0,,25,2024-08-29 14:30:28.947300,0.0,0,,0.0,0,,0.0,0,
Roméo Lavia,Chelsea,MID,45.0,0.0,0.6770661176804111,0.7124278393708252,0.0,25.0,0.0,0,,25,2024-08-29 14:30:28.947300,0.0,0,,0.0,0,,0.0,0,
Ronnie Edwards,Southampton,DEF,40.0,0.0,0.33358705975262,0.9065277892854537,0.0,25.0,0.0,0,,25,2024-08-29 14:30:28.947300,0.0,0,,0.0,0,,0.0,0,
Ross Barkley,Aston Villa,MID,54.0,1.0,1.005397399333941,1.2369494774005494,0.0,25.0,0.0,0,,25,2024-08-29 14:30:28.947300,0.0,0,,0.0,0,,0.0,0,
Ross Stewart,Southampton,FWD,45.0,0.0,0.33358705975262,0.4774767809547211,0.0,25.0,0.0,0,,25,2024-08-29 14:30:28.947300,0.0,0,,0.0,0,,0.0,0,
Ryan Christie,Bournemouth,MID,50.0,2.0,2.3053545486945435,2.3951020105215894,2.0,25.0,0.0,0,,25,2024-08-29 14:30:28.947300,0.0,0,,0.0,0,,0.0,0,
Ryan Fraser,Newcastle,MID,50.0,0.0,0.3192268438666069,0.3564672989212484,0.0,25.0,0.0,0,,25,2024-08-29 14:30:28.947300,0.0,0,,0.0,0,,0.0,0,
Ryan Gravenberch,Liverpool,MID,50.0,2.0,2.6590904191622586,2.4100054059067135,1.0,25.0,0.0,0,,25,2024-08-29 14:30:28.947300,0.0,0,,0.0,0,,0.0,0,
Ryan Manning,Southampton,DEF,45.0,0.0,0.33358705975262,0.9065277892854537,0.0,25.0,0.0,0,,25,2024-08-29 14:30:28.947300,0.0,0,,0.0,0,,0.0,0,
Ryan Sessegnon,Fulham,DEF,45.0,0.0,0.33358705975262,0.4059561166342566,0.0,25.0,0.0,0,,25,2024-08-29 14:30:28.947300,0.0,0,,0.0,0,,0.0,0,
Ryan Trevitt,Brentford,MID,45.0,0.0,0.3192268438666069,0.3260765941488744,0.0,25.0,0.0,0,,25,2024-08-29 14:30:28.947300,0.0,0,,0.0,0,,0.0,0,
Ryan Yates,Nottingham,MID,50.0,1.0,2.4808451524994966,2.237771650203891,1.0,25.0,0.0,0,,25,2024-08-29 14:30:28.947300,0.0,0,,0.0,0,,0.0,0,
Rúben Gato Alves Dias,Manchester City,DEF,55.0,1.0,2.7122736988073974,2.888798101557971,2.0,25.0,0.0,0,,25,2024-08-29 14:30:28.947300,0.0,0,,0.0,0,,0.0,0,
Sam Johnstone,Crystal Palace,GK,45.0,0.0,0.55949687412833,0.6771697803334503,0.0,25.0,0.0,0,,25,2024-08-29 14:30:28.947300,0.0,0,,0.0,0,,0.0,0,
Sam Morsy,Ipswich,MID,50.0,1.0,2.3303344430148796,2.6412573651849187,1.0,25.0,0.0,0,,25,2024-08-29 14:30:28.947300,0.0,0,,0.0,0,,0.0,0,
Sam Szmodics,Ipswich,MID,60.0,6.0,2.4059213753667197,3.5405574645917293,1.0,25.0,0.0,0,,25,2024-08-29 14:30:28.947300,0.0,0,,0.0,0,,0.0,0,
Samuel Amo-Ameyaw,Southampton,MID,45.0,0.0,1.0621625833065385,2.3161897106859395,0.0,25.0,0.0,0,,25,2024-08-29 14:30:28.947300,0.0,0,,0.0,0,,0.0,0,
Samuel Edozie,Southampton,MID,50.0,1.0,1.005397399333941,2.365748387318879,0.0,25.0,0.0,0,,25,2024-08-29 14:30:28.947300,0.0,0,,0.0,0,,0.0,0,
Samuel Iling-Junior,Aston Villa,MID,55.0,0.0,0.33358705975262,0.33803195771876515,0.0,25.0,0.0,0,,25,2024-08-29 14:30:28.947300,0.0,0,,0.0,0,,0.0,0,
Sander Berge,Fulham,MID,50.0,0.0,0.16649832554656965,0.6501902475796423,0.0,25.0,0.0,0,,25,2024-08-29 14:30:28.947300,0.0,0,,0.0,0,,0.0,0,
Sandro Tonali,Newcastle,MID,55.0,0.0,0.4879910444113477,0.4996582570580885,0.0,25.0,0.0,0,,25,2024-08-29 14:30:28.947300,0.0,0,,0.0,0,,0.0,0,
Santiago Bueno,Wolves,DEF,45.0,0.0,0.5901330063152272,0.6168431996035801,0.0,25.0,0.0,0,,25,2024-08-29 14:30:28.947300,0.0,0,,0.0,0,,0.0,0,
Saša Kalajdžić,Wolves,FWD,50.0,0.0,0.33358705975262,0.3526763155406289,0.0,25.0,0.0,0,,25,2024-08-29 14:30:28.947300,0.0,0,,0.0,0,,0.0,0,
Saša Lukić,Fulham,MID,50.0,2.0,1.8455546646816994,2.1427661264446733,1.0,25.0,0.0,0,,25,2024-08-29 14:30:28.947300,0.0,0,,0.0,0,,0.0,0,
Scott Carson,Manchester City,GK,40.0,0.0,0.3192268438666069,0.4897898830640016,0.0,25.0,0.0,0,,25,2024-08-29 14:30:28.947300,0.0,0,,0.0,0,,0.0,0,
Scott McTominay,Manchester Utd,MID,50.0,1.0,2.4725226769236905,2.4788698810849596,2.0,25.0,0.0,0,,25,2024-08-29 14:30:28.947300,0.0,0,,0.0,0,,0.0,0,
Sean Longstaff,Newcastle,MID,50.0,2.0,3.8917833238411594,4.047410283911029,2.0,25.0,0.0,0,,25,2024-08-29 14:30:28.947300,0.0,0,,0.0,0,,0.0,0,
Sepp van den Berg,Brentford,DEF,40.0,0.0,0.16649832554656965,0.5539333480323348,0.0,25.0,0.0,0,,25,2024-08-29 14:30:28.947300,0.0,0,,0.0,0,,0.0,0,
Sergio Reguilón,Tottenham,DEF,45.0,0.0,0.3192268438666069,0.3789975196297826,0.0,25.0,0.0,0,,25,2024-08-29 14:30:28.947300,0.0,0,,0.0,0,,0.0,0,
Shea Charles,Southampton,MID,45.0,0.0,0.33358705975262,0.9502907429164884,0.0,25.0,0.0,0,,25,2024-08-29 14:30:28.947300,0.0,0,,0.0,0,,0.0,0,
Simon Adingra,Brighton,MID,55.0,4.0,3.2987729321830845,3.154350589640815,2.0,25.0,0.0,0,,25,2024-08-29 14:30:28.947300,0.0,0,,0.0,0,,0.0,0,
Solly March,Brighton,MID,65.0,0.0,0.5242666741450959,0.45962824326336904,0.0,25.0,0.0,0,,25,2024-08-29 14:30:28.947300,0.0,0,,0.0,0,,0.0,0,
Stefan Bajčetić Maquieira,Liverpool,MID,45.0,0.0,0.33358705975262,0.4281420831649574,0.0,25.0,0.0,0,,25,2024-08-29 14:30:28.947300,0.0,0,,0.0,0,,0.0,0,
Stefan Ortega Moreno,Manchester City,GK,55.0,0.0,1.1422581724552652,1.439224056540617,0.0,25.0,0.0,0,,25,2024-08-29 14:30:28.947300,0.0,0,,0.0,0,,0.0,0,
Stephy Mavididi,Leicester,MID,55.0,1.0,1.8488002665997638,2.698034118075626,1.0,25.0,0.0,0,,25,2024-08-29 14:30:28.947300,0.0,0,,0.0,0,,0.0,0,
Steven Benda,Fulham,GK,40.0,0.0,0.3192268438666069,0.47561020383001984,0.0,25.0,0.0,0,,25,2024-08-29 14:30:28.947300,0.0,0,,0.0,0,,0.0,0,
Sugawara Yukinari,Southampton,DEF,45.0,2.0,1.648785139200938,2.73932430410884,1.0,25.0,0.0,0,,25,2024-08-29 14:30:28.947300,0.0,0,,0.0,0,,0.0,0,
Sven Botman,Newcastle,DEF,45.0,0.0,0.5917892443648854,0.5698924670226257,0.0,25.0,0.0,0,,25,2024-08-29 14:30:28.947300,0.0,0,,0.0,0,,0.0,0,
Sávio 'Savinho' Moreira de Oliveira,Manchester City,MID,65.0,9.0,3.1055681624812417,2.631722492028973,1.0,25.0,0.0,0,,25,2024-08-29 14:30:28.947300,0.0,0,,0.0,0,,0.0,0,
Séamus Coleman,Everton,DEF,45.0,0.0,0.33358705975262,0.632574827243486,0.0,25.0,0.0,0,,25,2024-08-29 14:30:28.947300,0.0,0,,0.0,0,,0.0,0,
Sékou Mara,Southampton,FWD,50.0,0.0,0.33358705975262,0.4774767809547211,0.0,25.0,0.0,0,,25,2024-08-29 14:30:28.947300,0.0,0,,0.0,0,,0.0,0,
Taiwo Awoniyi,Nottingham,FWD,60.0,1.0,2.070914842719397,2.399764438478931,1.0,25.0,0.0,0,,25,2024-08-29 14:30:28.947300,0.0,0,,0.0,0,,0.0,0,
Tariq Lamptey,Brighton,DEF,45.0,0.0,0.8593900572247419,0.7736694995961244,0.0,25.0,0.0,0,,25,2024-08-29 14:30:28.947300,0.0,0,,0.0,0,,0.0,0,
Tawanda Chirewa,Wolves,MID,45.0,0.0,0.5458584138556146,0.4575869454285397,0.0,25.0,0.0,0,,25,2024-08-29 14:30:28.947300,0.0,0,,0.0,0,,0.0,0,
Taylor Harwood-Bellis,Southampton,DEF,40.0,2.0,1.648785139200938,2.73932430410884,1.0,25.0,0.0,0,,25,2024-08-29 14:30:28.947300,0.0,0,,0.0,0,,0.0,0,
Tim Iroegbunam,Everton,MID,45.0,2.0,2.941708082252508,2.692077698139433,2.0,25.0,0.0,0,,25,2024-08-29 14:30:28.947300,0.0,0,,0.0,0,,0.0,0,
Tim Ream,Fulham,DEF,45.0,0.0,1.1053075878179657,0.8260171772606175,0.0,25.0,0.0,0,,25,2024-08-29 14:30:28.947300,0.0,0,,0.0,0,,0.0,0,
Timo Werner,Tottenham,MID,65.0,0.0,1.6216783761511162,1.6522869107688383,1.0,25.0,0.0,0,,25,2024-08-29 14:30:28.947300,0.0,0,,0.0,0,,0.0,0,
Timothy Castagne,Fulham,DEF,45.0,0.0,1.7777693974170299,1.8518658686126273,2.0,25.0,0.0,0,,25,2024-08-29 14:30:28.947300,0.0,0,,0.0,0,,0.0,0,
Tino Livramento,Newcastle,DEF,45.0,1.0,2.717002451625784,2.5344337513458233,1.0,25.0,0.0,0,,25,2024-08-29 14:30:28.947300,0.0,0,,0.0,0,,0.0,0,
Toby Collyer,Manchester Utd,MID,45.0,0.0,0.3192268438666069,0.3578010460951869,0.0,25.0,0.0,0,,25,2024-08-29 14:30:28.947300,0.0,0,,0.0,0,,0.0,0,
Tom Cairney,Fulham,MID,50.0,0.0,1.2281373994394058,0.9280609154945324,1.0,25.0,0.0,0,,25,2024-08-29 14:30:28.947300,0.0,0,,0.0,0,,0.0,0,
Tom Cannon,Leicester,FWD,45.0,0.0,0.33358705975262,0.4774767809547211,0.0,25.0,0.0,0,,25,2024-08-29 14:30:28.947300,0.0,0,,0.0,0,,0.0,0,
Tom Heaton,Manchester Utd,GK,40.0,0.0,0.3192268438666069,0.38006871610966886,0.0,25.0,0.0,0,,25,2024-08-29 14:30:28.947300,0.0,0,,0.0,0,,0.0,0,
Tom King,Wolves,GK,40.0,0.0,0.3192268438666069,0.36877248341255464,0.0,25.0,0.0,0,,25,2024-08-29 14:30:28.947300,0.0,0,,0.0,0,,0.0,0,
Tomiyasu Takehiro,Arsenal,DEF,49.0,0.0,0.33358705975262,0.5110877794766527,0.0,25.0,0.0,0,,25,2024-08-29 14:30:28.947300,0.0,0,,0.0,0,,0.0,0,
Tommy Doyle,Wolves,MID,50.0,1.0,1.6430009859991628,1.383166396418085,1.0,25.0,0.0,0,,25,2024-08-29 14:30:28.947300,0.0,0,,0.0,0,,0.0,0,
Tomáš Souček,West Ham,MID,50.0,8.0,3.55087777877058,3.672746898158347,2.0,25.0,0.0,0,,25,2024-08-29 14:30:28.947300,0.0,0,,0.0,0,,0.0,0,
Tosin Adarabioyo,Chelsea,DEF,45.0,0.0,0.33358705975262,0.43410236593180734,0.0,25.0,0.0,0,,25,2024-08-29 14:30:28.947300,0.0,0,,0.0,0,,0.0,0,
Toti António Gomes,Wolves,DEF,45.0,2.0,2.9561662406774607,2.6899438216679554,1.0,25.0,0.0,0,,25,2024-08-29 14:30:28.947300,0.0,0,,0.0,0,,0.0,0,
Trent Alexander-Arnold,Liverpool,DEF,70.0,6.0,3.370900078762467,2.9868302723042355,1.0,25.0,0.0,0,,25,2024-08-29 14:30:28.947300,0.0,0,,0.0,0,,0.0,0,
Trevoh Chalobah,Chelsea,DEF,45.0,0.0,1.8075113822716211,1.8183383297720885,0.0,25.0,0.0,0,,25,2024-08-29 14:30:28.947300,0.0,0,,0.0,0,,0.0,0,
Tyler Adams,Bournemouth,MID,50.0,0.0,0.4708546766078856,0.45035549046153134,0.0,25.0,0.0,0,,25,2024-08-29 14:30:28.947300,0.0,0,,0.0,0,,0.0,0,
Tyler Dibling,Southampton,MID,45.0,1.0,1.8488002665997638,2.698034118075626,1.0,25.0,0.0,0,,25,2024-08-29 14:30:28.947300,0.0,0,,0.0,0,,0.0,0,
Tyler Morton,Liverpool,MID,45.0,0.0,0.33358705975262,0.4281420831649574,0.0,25.0,0.0,0,,25,2024-08-29 14:30:28.947300,0.0,0,,0.0,0,,0.0,0,
Tyrell Malacia,Manchester Utd,DEF,45.0,0.0,0.3192268438666069,0.37534961597859573,0.0,25.0,0.0,0,,25,2024-08-29 14:30:28.947300,0.0,0,,0.0,0,,0.0,0,
Tyrick Mitchell,Crystal Palace,DEF,50.0,1.0,2.6781918810323004,2.404868223508157,2.0,25.0,0.0,0,,25,2024-08-29 14:30:28.947300,0.0,0,,0.0,0,,0.0,0,
Tyrone Mings,Aston Villa,DEF,45.0,0.0,0.3192268438666069,0.3555805276021739,0.0,25.0,0.0,0,,25,2024-08-29 14:30:28.947300,0.0,0,,0.0,0,,0.0,0,
Valentín Barco,Brighton,DEF,40.0,0.0,0.9031998647504742,0.8582389461394521,0.0,25.0,0.0,0,,25,2024-08-29 14:30:28.947300,0.0,0,,0.0,0,,0.0,0,
Victor Kristiansen,Leicester,DEF,45.0,0.0,1.72319096491782,2.2227323104381935,0.0,25.0,0.0,0,,25,2024-08-29 14:30:28.947300,0.0,0,,0.0,0,,0.0,0,
Victor Lindelöf,Manchester Utd,DEF,45.0,0.0,0.5510363350098976,1.0712362134809288,0.0,25.0,0.0,0,,25,2024-08-29 14:30:28.947300,0.0,0,,0.0,0,,0.0,0,
Viljami Sinisalo,Aston Villa,GK,40.0,0.0,0.3192268438666069,0.3593612967037568,0.0,25.0,0.0,0,,25,2024-08-29 14:30:28.947300,0.0,0,,0.0,0,,0.0,0,
Virgil van Dijk,Liverpool,DEF,60.0,7.0,3.474365093875402,2.8185922335599782,2.0,25.0,0.0,0,,25,2024-08-29 14:30:28.947300,0.0,0,,0.0,0,,0.0,0,
Vitalii Mykolenko,Everton,DEF,45.0,0.0,1.4231881843950922,1.0904287973239173,1.0,25.0,0.0,0,,25,2024-08-29 14:30:28.947300,0.0,0,,0.0,0,,0.0,0,
Vitaly Janelt,Brentford,MID,50.0,2.0,2.5475565966763156,2.2510242883159766,2.0,25.0,0.0,0,,25,2024-08-29 14:30:28.947300,0.0,0,,0.0,0,,0.0,0,
Vladimír Coufal,West Ham,DEF,45.0,6.0,2.8243830550452858,2.421758286644944,2.0,25.0,0.0,0,,25,2024-08-29 14:30:28.947300,0.0,0,,0.0,0,,0.0,0,
Wanya Marçal-Madivádua,Leicester,MID,45.0,0.0,0.33358705975262,0.9502907429164884,0.0,25.0,0.0,0,,25,2024-08-29 14:30:28.947300,0.0,0,,0.0,0,,0.0,0,
Wes Burns,Ipswich,MID,50.0,0.0,0.33358705975262,0.9502907429164884,0.0,25.0,0.0,0,,25,2024-08-29 14:30:28.947300,0.0,0,,0.0,0,,0.0,0,
Wes Foderingham,West Ham,GK,45.0,0.0,0.33358705975262,0.41478550487547117,0.0,25.0,0.0,0,,25,2024-08-29 14:30:28.947300,0.0,0,,0.0,0,,0.0,0,
Wesley Fofana,Chelsea,DEF,45.0,1.0,0.7832286134490123,1.5779482543861836,0.0,25.0,0.0,0,,25,2024-08-29 14:30:28.947300,0.0,0,,0.0,0,,0.0,0,
Wilfred Ndidi,Leicester,MID,50.0,2.0,2.941708082252508,3.106821065120178,2.0,25.0,0.0,0,,25,2024-08-29 14:30:28.947300,0.0,0,,0.0,0,,0.0,0,
Will Alves,Leicester,MID,45.0,0.0,0.33358705975262,0.9502907429164884,0.0,25.0,0.0,0,,25,2024-08-29 14:30:28.947300,0.0,0,,0.0,0,,0.0,0,
Will Dennis,Bournemouth,GK,40.0,0.0,0.33358705975262,0.39628346549848,0.0,25.0,0.0,0,,25,2024-08-29 14:30:28.947300,0.0,0,,0.0,0,,0.0,0,
Will Hughes,Crystal Palace,MID,50.0,0.0,1.652679046230953,1.5196302464076896,1.0,25.0,0.0,0,,25,2024-08-29 14:30:28.947300,0.0,0,,0.0,0,,0.0,0,
Will Lankshear,Tottenham,FWD,45.0,0.0,0.33358705975262,0.42378231264693916,0.0,25.0,0.0,0,,25,2024-08-29 14:30:28.947300,0.0,0,,0.0,0,,0.0,0,
Will Smallbone,Southampton,MID,50.0,2.0,2.941708082252508,3.106821065120178,2.0,25.0,0.0,0,,25,2024-08-29 14:30:28.947300,0.0,0,,0.0,0,,0.0,0,
William Osula,Newcastle,FWD,50.0,0.0,0.33358705975262,0.4231816523670184,0.0,25.0,0.0,0,,25,2024-08-29 14:30:28.947300,0.0,0,,0.0,0,,0.0,0,
William Saliba,Arsenal,DEF,60.0,6.0,4.14300332634198,3.8637527562092613,5.0,25.0,0.0,0,,25,2024-08-29 14:30:28.947300,1.0,0,0.0,0.0,0,,1.0,0,1.0
Willy Boly,Nottingham,DEF,45.0,1.0,2.4031083040337045,2.367272224510445,1.0,25.0,0.0,0,,25,2024-08-29 14:30:28.947300,0.0,0,,0.0,0,,0.0,0,
Wilson Odobert,Tottenham,MID,55.0,3.0,2.2790162274046057,2.0657516237075897,0.0,25.0,0.0,0,,25,2024-08-29 14:30:28.947300,0.0,0,,0.0,0,,0.0,0,
Yankuba Minteh,Brighton,MID,55.0,2.0,3.672542658007745,3.6989724414784213,2.0,25.0,0.0,0,,25,2024-08-29 14:30:28.947300,0.0,0,,0.0,0,,0.0,0,
Yasin Ayari,Brighton,MID,50.0,1.0,0.7832286134490123,0.8088202274718848,0.0,25.0,0.0,0,,25,2024-08-29 14:30:28.947300,0.0,0,,0.0,0,,0.0,0,
Yehor Yarmoliuk,Brentford,MID,45.0,0.0,0.33358705975262,0.3260765941488744,0.0,25.0,0.0,0,,25,2024-08-29 14:30:28.947300,0.0,0,,0.0,0,,0.0,0,
Yerson Mosquera,Wolves,DEF,40.0,-2.0,0.6503678846554428,0.6723853985999078,0.0,25.0,0.0,0,,25,2024-08-29 14:30:28.947300,0.0,0,,0.0,0,,0.0,0,
Yoane Wissa,Brentford,FWD,60.0,2.0,4.15356018683839,2.973706922010521,2.0,25.0,0.0,0,,25,2024-08-29 14:30:28.947300,0.0,0,,0.0,0,,0.0,0,
Youri Tielemans,Aston Villa,MID,55.0,2.0,3.41279051375397,2.879596990252915,1.0,25.0,0.0,0,,25,2024-08-29 14:30:28.947300,0.0,0,,0.0,0,,0.0,0,
Youssef Ramalho Chermiti,Everton,FWD,50.0,0.0,0.7847263958591242,0.6561438537089146,0.0,25.0,0.0,0,,25,2024-08-29 14:30:28.947300,0.0,0,,0.0,0,,0.0,0,
Yunus Emre Konak,Brentford,MID,45.0,0.0,0.33358705975262,0.3260765941488744,0.0,25.0,0.0,0,,25,2024-08-29 14:30:28.947300,0.0,0,,0.0,0,,0.0,0,
Yves Bissouma,Tottenham,MID,50.0,9.0,2.952609829358805,3.086716716675216,1.0,25.0,0.0,0,,25,2024-08-29 14:30:28.947300,0.0,0,,0.0,0,,0.0,0,
Álex Moreno Lopera,Nottingham,DEF,45.0,0.0,0.16649832554656965,0.6474260130950675,0.0,25.0,0.0,0,,25,2024-08-29 14:30:28.947300,0.0,0,,0.0,0,,0.0,0,
Ângelo Gabriel Borges Damaceno,Chelsea,MID,45.0,0.0,0.3192268438666069,0.3627325626493642,0.0,25.0,0.0,0,,25,2024-08-29 14:30:28.947300,0.0,0,,0.0,0,,0.0,0,
Đorđe Petrović,Chelsea,GK,45.0,0.0,1.8861582621551218,1.8837575847721155,2.0,25.0,0.0,0,,25,2024-08-29 14:30:28.947300,0.0,0,,0.0,0,,0.0,0,
Łukasz Fabiański,West Ham,GK,40.0,0.0,0.33358705975262,0.41478550487547117,0.0,25.0,0.0,0,,25,2024-08-29 14:30:28.947300,0.0,0,,0.0,0,,0.0,0,
